0 verbose cli C:\Program Files\nodejs\node.exe C:\Program Files\nodejs\node_modules\npm\bin\npm-cli.js
1 info using npm@11.12.1
2 info using node@v24.15.0
3 silly config load:file:C:\Program Files\nodejs\node_modules\npm\npmrc
4 silly config load:file:C:\Users\jesse\OneDrive\Desktop\Garage Inventory\.npmrc
5 silly config load:file:C:\Users\jesse\.npmrc
6 silly config load:file:C:\Users\jesse\AppData\Roaming\npm\etc\npmrc
7 verbose title npm install
8 verbose argv "install" "--cache" ".\\.npm-cache"
9 verbose logfile logs-max:10 dir:C:\Users\jesse\OneDrive\Desktop\Garage Inventory\.npm-cache\_logs\2026-05-19T15_44_13_694Z-
10 verbose logfile C:\Users\jesse\OneDrive\Desktop\Garage Inventory\.npm-cache\_logs\2026-05-19T15_44_13_694Z-debug-0.log
11 silly logfile done cleaning log files
12 silly packumentCache heap:4496293888 maxSize:1124073472 maxEntrySize:562036736
13 silly idealTree buildDeps
14 silly fetch manifest @vitejs/plugin-react@^5.1.1
15 silly packumentCache full:https://registry.npmjs.org/@vitejs%2fplugin-react cache-miss
16 http fetch GET 200 https://registry.npmjs.org/@vitejs%2fplugin-react 204ms (cache miss)
17 silly packumentCache full:https://registry.npmjs.org/@vitejs%2fplugin-react set size:undefined disposed:false
18 silly fetch manifest vite@^7.2.7
19 silly packumentCache full:https://registry.npmjs.org/vite cache-miss
20 http fetch GET 200 https://registry.npmjs.org/npm 284ms
21 http fetch GET 200 https://registry.npmjs.org/vite 1581ms (cache miss)
22 silly packumentCache full:https://registry.npmjs.org/vite set size:undefined disposed:false
23 silly fetch manifest @types/node@^20.19.0 || >=22.12.0
24 silly packumentCache full:https://registry.npmjs.org/@types%2fnode cache-miss
25 http fetch GET 200 https://registry.npmjs.org/@types%2fnode 248ms (cache miss)
26 silly packumentCache full:https://registry.npmjs.org/@types%2fnode set size:undefined disposed:false
27 silly fetch manifest jiti@>=1.21.0
28 silly packumentCache full:https://registry.npmjs.org/jiti cache-miss
29 http fetch GET 200 https://registry.npmjs.org/jiti 68ms (cache miss)
30 silly packumentCache full:https://registry.npmjs.org/jiti set size:undefined disposed:false
31 silly fetch manifest less@^4.0.0
32 silly packumentCache full:https://registry.npmjs.org/less cache-miss
33 http fetch GET 200 https://registry.npmjs.org/less 71ms (cache miss)
34 silly packumentCache full:https://registry.npmjs.org/less set size:undefined disposed:false
35 silly fetch manifest lightningcss@^1.21.0
36 silly packumentCache full:https://registry.npmjs.org/lightningcss cache-miss
37 http fetch GET 200 https://registry.npmjs.org/lightningcss 66ms (cache miss)
38 silly packumentCache full:https://registry.npmjs.org/lightningcss set size:undefined disposed:false
39 silly fetch manifest sass@^1.70.0
40 silly packumentCache full:https://registry.npmjs.org/sass cache-miss
41 http fetch GET 200 https://registry.npmjs.org/sass 92ms (cache miss)
42 silly packumentCache full:https://registry.npmjs.org/sass set size:undefined disposed:false
43 silly fetch manifest sass-embedded@^1.70.0
44 silly packumentCache full:https://registry.npmjs.org/sass-embedded cache-miss
45 http fetch GET 200 https://registry.npmjs.org/sass-embedded 73ms (cache miss)
46 silly packumentCache full:https://registry.npmjs.org/sass-embedded set size:undefined disposed:false
47 silly fetch manifest stylus@>=0.54.8
48 silly packumentCache full:https://registry.npmjs.org/stylus cache-miss
49 http fetch GET 200 https://registry.npmjs.org/stylus 71ms (cache miss)
50 silly packumentCache full:https://registry.npmjs.org/stylus set size:undefined disposed:false
51 silly fetch manifest sugarss@^5.0.0
52 silly packumentCache full:https://registry.npmjs.org/sugarss cache-miss
53 http fetch GET 200 https://registry.npmjs.org/sugarss 54ms (cache miss)
54 silly packumentCache full:https://registry.npmjs.org/sugarss set size:undefined disposed:false
55 silly fetch manifest postcss@^8.3.3
56 silly packumentCache full:https://registry.npmjs.org/postcss cache-miss
57 http fetch GET 200 https://registry.npmjs.org/postcss 79ms (cache miss)
58 silly packumentCache full:https://registry.npmjs.org/postcss set size:undefined disposed:false
59 silly fetch manifest terser@^5.16.0
60 silly packumentCache full:https://registry.npmjs.org/terser cache-miss
61 http fetch GET 200 https://registry.npmjs.org/terser 76ms (cache miss)
62 silly packumentCache full:https://registry.npmjs.org/terser set size:undefined disposed:false
63 silly fetch manifest tsx@^4.8.1
64 silly packumentCache full:https://registry.npmjs.org/tsx cache-miss
65 http fetch GET 200 https://registry.npmjs.org/tsx 66ms (cache miss)
66 silly packumentCache full:https://registry.npmjs.org/tsx set size:undefined disposed:false
67 silly fetch manifest yaml@^2.4.2
68 silly packumentCache full:https://registry.npmjs.org/yaml cache-miss
69 http fetch GET 200 https://registry.npmjs.org/yaml 65ms (cache miss)
70 silly packumentCache full:https://registry.npmjs.org/yaml set size:undefined disposed:false
71 silly fetch manifest concurrently@^9.2.1
72 silly packumentCache full:https://registry.npmjs.org/concurrently cache-miss
73 http fetch GET 200 https://registry.npmjs.org/concurrently 63ms (cache miss)
74 silly packumentCache full:https://registry.npmjs.org/concurrently set size:undefined disposed:false
75 silly fetch manifest express@^5.2.1
76 silly packumentCache full:https://registry.npmjs.org/express cache-miss
77 http fetch GET 200 https://registry.npmjs.org/express 78ms (cache miss)
78 silly packumentCache full:https://registry.npmjs.org/express set size:undefined disposed:false
79 silly fetch manifest lucide-react@^0.561.0
80 silly packumentCache full:https://registry.npmjs.org/lucide-react cache-miss
81 http fetch GET 200 https://registry.npmjs.org/lucide-react 121ms (cache miss)
82 silly packumentCache full:https://registry.npmjs.org/lucide-react set size:undefined disposed:false
83 silly fetch manifest react@^19.2.3
84 silly packumentCache full:https://registry.npmjs.org/react cache-miss
85 http fetch GET 200 https://registry.npmjs.org/react 243ms (cache miss)
86 silly packumentCache full:https://registry.npmjs.org/react set size:undefined disposed:false
87 silly fetch manifest react-dom@^19.2.3
88 silly packumentCache full:https://registry.npmjs.org/react-dom cache-miss
89 http fetch GET 200 https://registry.npmjs.org/react-dom 285ms (cache miss)
90 silly packumentCache full:https://registry.npmjs.org/react-dom set size:undefined disposed:false
91 silly placeDep ROOT @vitejs/plugin-react@5.2.0 OK for: garage-lab-inventory@0.1.0 want: ^5.1.1
92 silly placeDep ROOT vite@7.3.3 OK for: @vitejs/plugin-react@5.2.0 want: ^4.2.0 || ^5.0.0 || ^6.0.0 || ^7.0.0 || ^8.0.0
93 silly placeDep ROOT concurrently@9.2.1 OK for: garage-lab-inventory@0.1.0 want: ^9.2.1
94 silly placeDep ROOT express@5.2.1 OK for: garage-lab-inventory@0.1.0 want: ^5.2.1
95 silly placeDep ROOT lucide-react@0.561.0 OK for: garage-lab-inventory@0.1.0 want: ^0.561.0
96 silly placeDep ROOT react@19.2.6 OK for: lucide-react@0.561.0 want: ^16.5.1 || ^17.0.0 || ^18.0.0 || ^19.0.0
97 silly placeDep ROOT react-dom@19.2.6 OK for: garage-lab-inventory@0.1.0 want: ^19.2.3
98 silly fetch manifest @babel/core@^7.29.0
99 silly packumentCache full:https://registry.npmjs.org/@babel%2fcore cache-miss
100 silly fetch manifest react-refresh@^0.18.0
101 silly packumentCache full:https://registry.npmjs.org/react-refresh cache-miss
102 silly fetch manifest @types/babel__core@^7.20.5
103 silly packumentCache full:https://registry.npmjs.org/@types%2fbabel__core cache-miss
104 silly fetch manifest @rolldown/pluginutils@1.0.0-rc.3
105 silly packumentCache full:https://registry.npmjs.org/@rolldown%2fpluginutils cache-miss
106 silly fetch manifest @babel/plugin-transform-react-jsx-self@^7.27.1
107 silly packumentCache full:https://registry.npmjs.org/@babel%2fplugin-transform-react-jsx-self cache-miss
108 silly fetch manifest @babel/plugin-transform-react-jsx-source@^7.27.1
109 silly packumentCache full:https://registry.npmjs.org/@babel%2fplugin-transform-react-jsx-source cache-miss
110 silly fetch manifest fdir@^6.5.0
111 silly packumentCache full:https://registry.npmjs.org/fdir cache-miss
112 silly fetch manifest rollup@^4.43.0
113 silly packumentCache full:https://registry.npmjs.org/rollup cache-miss
114 silly fetch manifest esbuild@^0.27.0
115 silly packumentCache full:https://registry.npmjs.org/esbuild cache-miss
116 silly fetch manifest postcss@^8.5.6
117 silly packumentCache full:https://registry.npmjs.org/postcss cache-miss
118 silly fetch manifest picomatch@^4.0.3
119 silly packumentCache full:https://registry.npmjs.org/picomatch cache-miss
120 silly fetch manifest tinyglobby@^0.2.15
121 silly packumentCache full:https://registry.npmjs.org/tinyglobby cache-miss
122 silly fetch manifest fsevents@~2.3.3
123 silly packumentCache full:https://registry.npmjs.org/fsevents cache-miss
124 silly fetch manifest rxjs@7.8.2
125 silly packumentCache full:https://registry.npmjs.org/rxjs cache-miss
126 silly fetch manifest chalk@4.1.2
127 silly packumentCache full:https://registry.npmjs.org/chalk cache-miss
128 http cache https://registry.npmjs.org/postcss 67ms (cache hit)
129 silly packumentCache full:https://registry.npmjs.org/postcss set size:723316 disposed:false
130 silly fetch manifest yargs@17.7.2
131 silly packumentCache full:https://registry.npmjs.org/yargs cache-miss
132 http fetch GET 200 https://registry.npmjs.org/@babel%2fcore 167ms (cache miss)
133 silly packumentCache full:https://registry.npmjs.org/@babel%2fcore set size:undefined disposed:false
134 silly fetch manifest tree-kill@1.2.2
135 silly packumentCache full:https://registry.npmjs.org/tree-kill cache-miss
136 http fetch GET 200 https://registry.npmjs.org/tree-kill 92ms (cache miss)
137 silly packumentCache full:https://registry.npmjs.org/tree-kill set size:undefined disposed:false
138 silly fetch manifest shell-quote@1.8.3
139 silly packumentCache full:https://registry.npmjs.org/shell-quote cache-miss
140 http fetch GET 200 https://registry.npmjs.org/tinyglobby 264ms (cache miss)
141 silly packumentCache full:https://registry.npmjs.org/tinyglobby set size:undefined disposed:false
142 silly fetch manifest supports-color@8.1.1
143 silly packumentCache full:https://registry.npmjs.org/supports-color cache-miss
144 http fetch GET 200 https://registry.npmjs.org/@types%2fbabel__core 287ms (cache miss)
145 silly packumentCache full:https://registry.npmjs.org/@types%2fbabel__core set size:undefined disposed:false
146 silly fetch manifest qs@^6.14.0
147 silly packumentCache full:https://registry.npmjs.org/qs cache-miss
148 http fetch GET 200 https://registry.npmjs.org/chalk 288ms (cache miss)
149 silly packumentCache full:https://registry.npmjs.org/chalk set size:undefined disposed:false
150 silly fetch manifest depd@^2.0.0
151 silly packumentCache full:https://registry.npmjs.org/depd cache-miss
152 http fetch GET 200 https://registry.npmjs.org/fdir 298ms (cache miss)
153 silly packumentCache full:https://registry.npmjs.org/fdir set size:undefined disposed:false
154 silly fetch manifest etag@^1.8.1
155 silly packumentCache full:https://registry.npmjs.org/etag cache-miss
156 http fetch GET 200 https://registry.npmjs.org/picomatch 301ms (cache miss)
157 silly packumentCache full:https://registry.npmjs.org/picomatch set size:undefined disposed:false
158 silly fetch manifest once@^1.4.0
159 silly packumentCache full:https://registry.npmjs.org/once cache-miss
160 http fetch GET 200 https://registry.npmjs.org/@rolldown%2fpluginutils 314ms (cache miss)
161 silly packumentCache full:https://registry.npmjs.org/@rolldown%2fpluginutils set size:undefined disposed:false
162 silly fetch manifest send@^1.1.0
163 silly packumentCache full:https://registry.npmjs.org/send cache-miss
164 http fetch GET 200 https://registry.npmjs.org/@babel%2fplugin-transform-react-jsx-self 319ms (cache miss)
165 silly packumentCache full:https://registry.npmjs.org/@babel%2fplugin-transform-react-jsx-self set size:undefined disposed:false
166 silly fetch manifest vary@^1.1.2
167 silly packumentCache full:https://registry.npmjs.org/vary cache-miss
168 http fetch GET 200 https://registry.npmjs.org/fsevents 327ms (cache miss)
169 silly packumentCache full:https://registry.npmjs.org/fsevents set size:undefined disposed:false
170 silly fetch manifest debug@^4.4.0
171 silly packumentCache full:https://registry.npmjs.org/debug cache-miss
172 http fetch GET 200 https://registry.npmjs.org/@babel%2fplugin-transform-react-jsx-source 337ms (cache miss)
173 silly packumentCache full:https://registry.npmjs.org/@babel%2fplugin-transform-react-jsx-source set size:undefined disposed:false
174 silly fetch manifest fresh@^2.0.0
175 silly packumentCache full:https://registry.npmjs.org/fresh cache-miss
176 http fetch GET 200 https://registry.npmjs.org/shell-quote 121ms (cache miss)
177 silly packumentCache full:https://registry.npmjs.org/shell-quote set size:undefined disposed:false
178 silly fetch manifest cookie@^0.7.1
179 silly packumentCache full:https://registry.npmjs.org/cookie cache-miss
180 http fetch GET 200 https://registry.npmjs.org/depd 92ms (cache miss)
181 silly packumentCache full:https://registry.npmjs.org/depd set size:undefined disposed:false
182 silly fetch manifest router@^2.2.0
183 silly packumentCache full:https://registry.npmjs.org/router cache-miss
184 http fetch GET 200 https://registry.npmjs.org/once 93ms (cache miss)
185 silly packumentCache full:https://registry.npmjs.org/once set size:undefined disposed:false
186 silly fetch manifest accepts@^2.0.0
187 silly packumentCache full:https://registry.npmjs.org/accepts cache-miss
188 http fetch GET 200 https://registry.npmjs.org/etag 105ms (cache miss)
189 silly packumentCache full:https://registry.npmjs.org/etag set size:undefined disposed:false
190 silly fetch manifest type-is@^2.0.1
191 silly packumentCache full:https://registry.npmjs.org/type-is cache-miss
192 http fetch GET 200 https://registry.npmjs.org/supports-color 140ms (cache miss)
193 silly packumentCache full:https://registry.npmjs.org/supports-color set size:undefined disposed:false
194 silly fetch manifest parseurl@^1.3.3
195 silly packumentCache full:https://registry.npmjs.org/parseurl cache-miss
196 http fetch GET 200 https://registry.npmjs.org/yargs 339ms (cache miss)
197 silly packumentCache full:https://registry.npmjs.org/yargs set size:undefined disposed:false
198 silly fetch manifest statuses@^2.0.1
199 silly packumentCache full:https://registry.npmjs.org/statuses cache-miss
200 http fetch GET 200 https://registry.npmjs.org/vary 113ms (cache miss)
201 silly packumentCache full:https://registry.npmjs.org/vary set size:undefined disposed:false
202 silly fetch manifest encodeurl@^2.0.0
203 silly packumentCache full:https://registry.npmjs.org/encodeurl cache-miss
204 http fetch GET 200 https://registry.npmjs.org/rxjs 435ms (cache miss)
205 silly packumentCache full:https://registry.npmjs.org/rxjs set size:undefined disposed:false
206 silly fetch manifest mime-types@^3.0.0
207 silly packumentCache full:https://registry.npmjs.org/mime-types cache-miss
208 http fetch GET 200 https://registry.npmjs.org/qs 170ms (cache miss)
209 silly packumentCache full:https://registry.npmjs.org/qs set size:undefined disposed:false
210 silly fetch manifest proxy-addr@^2.0.7
211 silly packumentCache full:https://registry.npmjs.org/proxy-addr cache-miss
212 http fetch GET 200 https://registry.npmjs.org/fresh 127ms (cache miss)
213 silly packumentCache full:https://registry.npmjs.org/fresh set size:undefined disposed:false
214 silly fetch manifest body-parser@^2.2.1
215 silly packumentCache full:https://registry.npmjs.org/body-parser cache-miss
216 http fetch GET 200 https://registry.npmjs.org/send 155ms (cache miss)
217 silly packumentCache full:https://registry.npmjs.org/send set size:undefined disposed:false
218 silly fetch manifest escape-html@^1.0.3
219 silly packumentCache full:https://registry.npmjs.org/escape-html cache-miss
220 http fetch GET 200 https://registry.npmjs.org/parseurl 76ms (cache miss)
221 silly packumentCache full:https://registry.npmjs.org/parseurl set size:undefined disposed:false
222 silly fetch manifest http-errors@^2.0.0
223 silly packumentCache full:https://registry.npmjs.org/http-errors cache-miss
224 http fetch GET 200 https://registry.npmjs.org/debug 156ms (cache miss)
225 silly packumentCache full:https://registry.npmjs.org/debug set size:undefined disposed:false
226 silly fetch manifest on-finished@^2.4.1
227 silly packumentCache full:https://registry.npmjs.org/on-finished cache-miss
228 http fetch GET 200 https://registry.npmjs.org/cookie 110ms (cache miss)
229 silly packumentCache full:https://registry.npmjs.org/cookie set size:undefined disposed:false
230 silly fetch manifest content-type@^1.0.5
231 silly packumentCache full:https://registry.npmjs.org/content-type cache-miss
232 http fetch GET 200 https://registry.npmjs.org/accepts 104ms (cache miss)
233 silly packumentCache full:https://registry.npmjs.org/accepts set size:undefined disposed:false
234 silly fetch manifest finalhandler@^2.1.0
235 silly packumentCache full:https://registry.npmjs.org/finalhandler cache-miss
236 http fetch GET 200 https://registry.npmjs.org/type-is 100ms (cache miss)
237 silly packumentCache full:https://registry.npmjs.org/type-is set size:undefined disposed:false
238 silly fetch manifest range-parser@^1.2.1
239 silly packumentCache full:https://registry.npmjs.org/range-parser cache-miss
240 http fetch GET 200 https://registry.npmjs.org/router 118ms (cache miss)
241 silly packumentCache full:https://registry.npmjs.org/router set size:undefined disposed:false
242 silly fetch manifest serve-static@^2.2.0
243 silly packumentCache full:https://registry.npmjs.org/serve-static cache-miss
244 http fetch GET 200 https://registry.npmjs.org/statuses 97ms (cache miss)
245 silly packumentCache full:https://registry.npmjs.org/statuses set size:undefined disposed:false
246 silly fetch manifest cookie-signature@^1.2.1
247 silly packumentCache full:https://registry.npmjs.org/cookie-signature cache-miss
248 http fetch GET 200 https://registry.npmjs.org/esbuild 526ms (cache miss)
249 silly packumentCache full:https://registry.npmjs.org/esbuild set size:undefined disposed:false
250 silly fetch manifest merge-descriptors@^2.0.0
251 silly packumentCache full:https://registry.npmjs.org/merge-descriptors cache-miss
252 http fetch GET 200 https://registry.npmjs.org/encodeurl 118ms (cache miss)
253 silly packumentCache full:https://registry.npmjs.org/encodeurl set size:undefined disposed:false
254 silly fetch manifest content-disposition@^1.0.0
255 silly packumentCache full:https://registry.npmjs.org/content-disposition cache-miss
256 http fetch GET 200 https://registry.npmjs.org/escape-html 89ms (cache miss)
257 silly packumentCache full:https://registry.npmjs.org/escape-html set size:undefined disposed:false
258 silly fetch manifest scheduler@^0.27.0
259 silly packumentCache full:https://registry.npmjs.org/scheduler cache-miss
260 http fetch GET 200 https://registry.npmjs.org/proxy-addr 107ms (cache miss)
261 silly packumentCache full:https://registry.npmjs.org/proxy-addr set size:undefined disposed:false
262 http fetch GET 200 https://registry.npmjs.org/mime-types 125ms (cache miss)
263 silly packumentCache full:https://registry.npmjs.org/mime-types set size:undefined disposed:false
264 http fetch GET 200 https://registry.npmjs.org/on-finished 87ms (cache miss)
265 silly packumentCache full:https://registry.npmjs.org/on-finished set size:undefined disposed:false
266 http fetch GET 200 https://registry.npmjs.org/body-parser 116ms (cache miss)
267 silly packumentCache full:https://registry.npmjs.org/body-parser set size:undefined disposed:false
268 http fetch GET 200 https://registry.npmjs.org/content-type 86ms (cache miss)
269 silly packumentCache full:https://registry.npmjs.org/content-type set size:undefined disposed:false
270 http fetch GET 200 https://registry.npmjs.org/range-parser 80ms (cache miss)
271 silly packumentCache full:https://registry.npmjs.org/range-parser set size:undefined disposed:false
272 http fetch GET 200 https://registry.npmjs.org/http-errors 103ms (cache miss)
273 silly packumentCache full:https://registry.npmjs.org/http-errors set size:undefined disposed:false
274 http fetch GET 200 https://registry.npmjs.org/cookie-signature 73ms (cache miss)
275 silly packumentCache full:https://registry.npmjs.org/cookie-signature set size:undefined disposed:false
276 http fetch GET 200 https://registry.npmjs.org/finalhandler 93ms (cache miss)
277 silly packumentCache full:https://registry.npmjs.org/finalhandler set size:undefined disposed:false
278 http fetch GET 200 https://registry.npmjs.org/merge-descriptors 64ms (cache miss)
279 silly packumentCache full:https://registry.npmjs.org/merge-descriptors set size:undefined disposed:false
280 http fetch GET 200 https://registry.npmjs.org/serve-static 91ms (cache miss)
281 silly packumentCache full:https://registry.npmjs.org/serve-static set size:undefined disposed:false
282 http fetch GET 200 https://registry.npmjs.org/content-disposition 55ms (cache miss)
283 silly packumentCache full:https://registry.npmjs.org/content-disposition set size:undefined disposed:false
284 http fetch GET 200 https://registry.npmjs.org/react-refresh 639ms (cache miss)
285 silly packumentCache full:https://registry.npmjs.org/react-refresh set size:undefined disposed:false
286 http fetch GET 200 https://registry.npmjs.org/rollup 693ms (cache miss)
287 silly packumentCache full:https://registry.npmjs.org/rollup set size:undefined disposed:false
288 http fetch GET 200 https://registry.npmjs.org/scheduler 230ms (cache miss)
289 silly packumentCache full:https://registry.npmjs.org/scheduler set size:undefined disposed:false
290 silly placeDep ROOT @babel/core@7.29.0 OK for: @vitejs/plugin-react@5.2.0 want: ^7.29.0
291 silly placeDep ROOT @babel/plugin-transform-react-jsx-self@7.27.1 OK for: @vitejs/plugin-react@5.2.0 want: ^7.27.1
292 silly placeDep ROOT @babel/plugin-transform-react-jsx-source@7.27.1 OK for: @vitejs/plugin-react@5.2.0 want: ^7.27.1
293 silly placeDep ROOT @rolldown/pluginutils@1.0.0-rc.3 OK for: @vitejs/plugin-react@5.2.0 want: 1.0.0-rc.3
294 silly placeDep ROOT @types/babel__core@7.20.5 OK for: @vitejs/plugin-react@5.2.0 want: ^7.20.5
295 silly placeDep ROOT react-refresh@0.18.0 OK for: @vitejs/plugin-react@5.2.0 want: ^0.18.0
296 silly fetch manifest debug@^4.1.0
297 silly packumentCache full:https://registry.npmjs.org/debug cache-miss
298 silly fetch manifest json5@^2.2.3
299 silly packumentCache full:https://registry.npmjs.org/json5 cache-miss
300 silly fetch manifest semver@^6.3.1
301 silly packumentCache full:https://registry.npmjs.org/semver cache-miss
302 silly fetch manifest gensync@^1.0.0-beta.2
303 silly packumentCache full:https://registry.npmjs.org/gensync cache-miss
304 silly fetch manifest @babel/types@^7.29.0
305 silly packumentCache full:https://registry.npmjs.org/@babel%2ftypes cache-miss
306 silly fetch manifest @babel/parser@^7.29.0
307 silly packumentCache full:https://registry.npmjs.org/@babel%2fparser cache-miss
308 silly fetch manifest @babel/helpers@^7.28.6
309 silly packumentCache full:https://registry.npmjs.org/@babel%2fhelpers cache-miss
310 silly fetch manifest @babel/template@^7.28.6
311 silly packumentCache full:https://registry.npmjs.org/@babel%2ftemplate cache-miss
312 silly fetch manifest @babel/traverse@^7.29.0
313 silly packumentCache full:https://registry.npmjs.org/@babel%2ftraverse cache-miss
314 silly fetch manifest @babel/generator@^7.29.0
315 silly packumentCache full:https://registry.npmjs.org/@babel%2fgenerator cache-miss
316 silly fetch manifest @babel/code-frame@^7.29.0
317 silly packumentCache full:https://registry.npmjs.org/@babel%2fcode-frame cache-miss
318 silly fetch manifest convert-source-map@^2.0.0
319 silly packumentCache full:https://registry.npmjs.org/convert-source-map cache-miss
320 silly fetch manifest @jridgewell/remapping@^2.3.5
321 silly packumentCache full:https://registry.npmjs.org/@jridgewell%2fremapping cache-miss
322 silly fetch manifest @babel/helper-module-transforms@^7.28.6
323 silly packumentCache full:https://registry.npmjs.org/@babel%2fhelper-module-transforms cache-miss
324 silly fetch manifest @babel/helper-compilation-targets@^7.28.6
325 silly packumentCache full:https://registry.npmjs.org/@babel%2fhelper-compilation-targets cache-miss
326 http cache https://registry.npmjs.org/debug 24ms (cache hit)
327 silly packumentCache full:https://registry.npmjs.org/debug set size:195840 disposed:false
328 silly fetch manifest @babel/helper-plugin-utils@^7.27.1
329 silly packumentCache full:https://registry.npmjs.org/@babel%2fhelper-plugin-utils cache-miss
330 http fetch GET 200 https://registry.npmjs.org/json5 61ms (cache miss)
331 silly packumentCache full:https://registry.npmjs.org/json5 set size:undefined disposed:false
332 silly fetch manifest @babel/helper-plugin-utils@^7.27.1
333 silly packumentCache full:https://registry.npmjs.org/@babel%2fhelper-plugin-utils cache-miss
334 http fetch GET 200 https://registry.npmjs.org/gensync 89ms (cache miss)
335 silly packumentCache full:https://registry.npmjs.org/gensync set size:undefined disposed:false
336 silly fetch manifest @babel/types@^7.20.7
337 silly packumentCache full:https://registry.npmjs.org/@babel%2ftypes cache-miss
338 http fetch GET 200 https://registry.npmjs.org/semver 97ms (cache miss)
339 silly packumentCache full:https://registry.npmjs.org/semver set size:undefined disposed:false
340 silly fetch manifest @babel/parser@^7.20.7
341 silly packumentCache full:https://registry.npmjs.org/@babel%2fparser cache-miss
342 http fetch GET 200 https://registry.npmjs.org/convert-source-map 110ms (cache miss)
343 silly packumentCache full:https://registry.npmjs.org/convert-source-map set size:undefined disposed:false
344 silly fetch manifest @types/babel__template@*
345 silly packumentCache full:https://registry.npmjs.org/@types%2fbabel__template cache-miss
346 http fetch GET 200 https://registry.npmjs.org/@babel%2fcode-frame 125ms (cache miss)
347 silly packumentCache full:https://registry.npmjs.org/@babel%2fcode-frame set size:undefined disposed:false
348 silly fetch manifest @types/babel__traverse@*
349 silly packumentCache full:https://registry.npmjs.org/@types%2fbabel__traverse cache-miss
350 http fetch GET 200 https://registry.npmjs.org/@jridgewell%2fremapping 127ms (cache miss)
351 silly packumentCache full:https://registry.npmjs.org/@jridgewell%2fremapping set size:undefined disposed:false
352 silly fetch manifest @types/babel__generator@*
353 silly packumentCache full:https://registry.npmjs.org/@types%2fbabel__generator cache-miss
354 http fetch GET 200 https://registry.npmjs.org/@babel%2fhelper-compilation-targets 130ms (cache miss)
355 silly packumentCache full:https://registry.npmjs.org/@babel%2fhelper-compilation-targets set size:undefined disposed:false
356 http fetch GET 200 https://registry.npmjs.org/@babel%2ftemplate 140ms (cache miss)
357 silly packumentCache full:https://registry.npmjs.org/@babel%2ftemplate set size:undefined disposed:false
358 http fetch GET 200 https://registry.npmjs.org/@babel%2fhelper-plugin-utils 121ms (cache miss)
359 silly packumentCache full:https://registry.npmjs.org/@babel%2fhelper-plugin-utils set size:undefined disposed:false
360 http fetch GET 200 https://registry.npmjs.org/@babel%2fhelper-module-transforms 152ms (cache miss)
361 silly packumentCache full:https://registry.npmjs.org/@babel%2fhelper-module-transforms set size:undefined disposed:false
362 http fetch GET 200 https://registry.npmjs.org/@babel%2fhelper-plugin-utils 110ms (cache miss)
363 silly packumentCache full:https://registry.npmjs.org/@babel%2fhelper-plugin-utils set size:undefined disposed:false
364 http fetch GET 200 https://registry.npmjs.org/@babel%2ftypes 178ms (cache miss)
365 silly packumentCache full:https://registry.npmjs.org/@babel%2ftypes set size:undefined disposed:false
366 http fetch GET 200 https://registry.npmjs.org/@babel%2fgenerator 180ms (cache miss)
367 silly packumentCache full:https://registry.npmjs.org/@babel%2fgenerator set size:undefined disposed:false
368 http fetch GET 200 https://registry.npmjs.org/@babel%2fhelpers 190ms (cache miss)
369 silly packumentCache full:https://registry.npmjs.org/@babel%2fhelpers set size:undefined disposed:false
370 http fetch GET 200 https://registry.npmjs.org/@babel%2ftraverse 198ms (cache miss)
371 silly packumentCache full:https://registry.npmjs.org/@babel%2ftraverse set size:undefined disposed:false
372 http fetch GET 200 https://registry.npmjs.org/@babel%2fparser 205ms (cache miss)
373 silly packumentCache full:https://registry.npmjs.org/@babel%2fparser set size:undefined disposed:false
374 http fetch GET 200 https://registry.npmjs.org/@types%2fbabel__template 101ms (cache miss)
375 silly packumentCache full:https://registry.npmjs.org/@types%2fbabel__template set size:undefined disposed:false
376 http fetch GET 200 https://registry.npmjs.org/@types%2fbabel__generator 88ms (cache miss)
377 silly packumentCache full:https://registry.npmjs.org/@types%2fbabel__generator set size:undefined disposed:false
378 http fetch GET 200 https://registry.npmjs.org/@types%2fbabel__traverse 94ms (cache miss)
379 silly packumentCache full:https://registry.npmjs.org/@types%2fbabel__traverse set size:undefined disposed:false
380 http fetch GET 200 https://registry.npmjs.org/@babel%2ftypes 136ms (cache miss)
381 silly packumentCache full:https://registry.npmjs.org/@babel%2ftypes set size:undefined disposed:false
382 http fetch GET 200 https://registry.npmjs.org/@babel%2fparser 132ms (cache miss)
383 silly packumentCache full:https://registry.npmjs.org/@babel%2fparser set size:undefined disposed:false
384 silly fetch manifest @babel/core@^7.0.0
385 silly packumentCache full:https://registry.npmjs.org/@babel%2fcore cache-miss
386 http cache https://registry.npmjs.org/@babel%2fcore 8ms (cache hit)
387 silly packumentCache full:https://registry.npmjs.org/@babel%2fcore set size:768033 disposed:false
388 silly placeDep ROOT @babel/code-frame@7.29.0 OK for: @babel/core@7.29.0 want: ^7.29.0
389 silly placeDep ROOT @babel/generator@7.29.1 OK for: @babel/core@7.29.0 want: ^7.29.0
390 silly placeDep ROOT @babel/helper-compilation-targets@7.28.6 OK for: @babel/core@7.29.0 want: ^7.28.6
391 silly placeDep ROOT @babel/helper-module-transforms@7.28.6 OK for: @babel/core@7.29.0 want: ^7.28.6
392 silly placeDep ROOT @babel/helpers@7.29.2 OK for: @babel/core@7.29.0 want: ^7.28.6
393 silly placeDep ROOT @babel/parser@7.29.3 OK for: @babel/core@7.29.0 want: ^7.29.0
394 silly placeDep ROOT @babel/template@7.28.6 OK for: @babel/core@7.29.0 want: ^7.28.6
395 silly placeDep ROOT @babel/traverse@7.29.0 OK for: @babel/core@7.29.0 want: ^7.29.0
396 silly placeDep ROOT @babel/types@7.29.0 OK for: @babel/core@7.29.0 want: ^7.29.0
397 silly placeDep ROOT @jridgewell/remapping@2.3.5 OK for: @babel/core@7.29.0 want: ^2.3.5
398 silly placeDep ROOT convert-source-map@2.0.0 OK for: @babel/core@7.29.0 want: ^2.0.0
399 silly placeDep ROOT debug@4.4.3 OK for: @babel/core@7.29.0 want: ^4.1.0
400 silly placeDep ROOT gensync@1.0.0-beta.2 OK for: @babel/core@7.29.0 want: ^1.0.0-beta.2
401 silly placeDep ROOT json5@2.2.3 OK for: @babel/core@7.29.0 want: ^2.2.3
402 silly placeDep ROOT semver@6.3.1 OK for: @babel/core@7.29.0 want: ^6.3.1
403 silly fetch manifest js-tokens@^4.0.0
404 silly packumentCache full:https://registry.npmjs.org/js-tokens cache-miss
405 silly fetch manifest picocolors@^1.1.1
406 silly packumentCache full:https://registry.npmjs.org/picocolors cache-miss
407 silly fetch manifest @babel/helper-validator-identifier@^7.28.5
408 silly packumentCache full:https://registry.npmjs.org/@babel%2fhelper-validator-identifier cache-miss
409 silly fetch manifest jsesc@^3.0.2
410 silly packumentCache full:https://registry.npmjs.org/jsesc cache-miss
411 silly fetch manifest @jridgewell/gen-mapping@^0.3.12
412 silly packumentCache full:https://registry.npmjs.org/@jridgewell%2fgen-mapping cache-miss
413 silly fetch manifest @jridgewell/trace-mapping@^0.3.28
414 silly packumentCache full:https://registry.npmjs.org/@jridgewell%2ftrace-mapping cache-miss
415 silly fetch manifest lru-cache@^5.1.1
416 silly packumentCache full:https://registry.npmjs.org/lru-cache cache-miss
417 silly fetch manifest browserslist@^4.24.0
418 silly packumentCache full:https://registry.npmjs.org/browserslist cache-miss
419 silly fetch manifest @babel/compat-data@^7.28.6
420 silly packumentCache full:https://registry.npmjs.org/@babel%2fcompat-data cache-miss
421 silly fetch manifest @babel/helper-validator-option@^7.27.1
422 silly packumentCache full:https://registry.npmjs.org/@babel%2fhelper-validator-option cache-miss
423 silly fetch manifest @babel/traverse@^7.28.6
424 silly packumentCache full:https://registry.npmjs.org/@babel%2ftraverse cache-miss
425 silly fetch manifest @babel/helper-module-imports@^7.28.6
426 silly packumentCache full:https://registry.npmjs.org/@babel%2fhelper-module-imports cache-miss
427 silly fetch manifest @babel/helper-validator-identifier@^7.28.5
428 silly packumentCache full:https://registry.npmjs.org/@babel%2fhelper-validator-identifier cache-miss
429 silly fetch manifest @babel/types@^7.28.6
430 silly packumentCache full:https://registry.npmjs.org/@babel%2ftypes cache-miss
431 silly fetch manifest debug@^4.3.1
432 silly packumentCache full:https://registry.npmjs.org/debug cache-hit
433 silly fetch manifest @babel/helper-globals@^7.28.0
434 silly packumentCache full:https://registry.npmjs.org/@babel%2fhelper-globals cache-miss
435 http cache https://registry.npmjs.org/@babel%2ftraverse 30ms (cache hit)
436 silly packumentCache full:https://registry.npmjs.org/@babel%2ftraverse set size:553169 disposed:false
437 silly fetch manifest @babel/helper-string-parser@^7.27.1
438 silly packumentCache full:https://registry.npmjs.org/@babel%2fhelper-string-parser cache-miss
439 http cache https://registry.npmjs.org/@babel%2ftypes 33ms (cache hit)
440 silly packumentCache full:https://registry.npmjs.org/@babel%2ftypes set size:491978 disposed:false
441 silly fetch manifest @babel/helper-validator-identifier@^7.28.5
442 silly packumentCache full:https://registry.npmjs.org/@babel%2fhelper-validator-identifier cache-miss
443 http fetch GET 200 https://registry.npmjs.org/picocolors 78ms (cache miss)
444 silly packumentCache full:https://registry.npmjs.org/picocolors set size:undefined disposed:false
445 silly fetch manifest @jridgewell/gen-mapping@^0.3.5
446 silly packumentCache full:https://registry.npmjs.org/@jridgewell%2fgen-mapping cache-miss
447 http fetch GET 200 https://registry.npmjs.org/js-tokens 106ms (cache miss)
448 silly packumentCache full:https://registry.npmjs.org/js-tokens set size:undefined disposed:false
449 silly fetch manifest @jridgewell/trace-mapping@^0.3.24
450 silly packumentCache full:https://registry.npmjs.org/@jridgewell%2ftrace-mapping cache-miss
451 http fetch GET 200 https://registry.npmjs.org/jsesc 125ms (cache miss)
452 silly packumentCache full:https://registry.npmjs.org/jsesc set size:undefined disposed:false
453 silly fetch manifest ms@^2.1.3
454 silly packumentCache full:https://registry.npmjs.org/ms cache-miss
455 http fetch GET 200 https://registry.npmjs.org/@babel%2fhelper-globals 116ms (cache miss)
456 silly packumentCache full:https://registry.npmjs.org/@babel%2fhelper-globals set size:undefined disposed:false
457 http fetch GET 200 https://registry.npmjs.org/@babel%2fhelper-validator-identifier 131ms (cache miss)
458 silly packumentCache full:https://registry.npmjs.org/@babel%2fhelper-validator-identifier set size:undefined disposed:false
459 http fetch GET 200 https://registry.npmjs.org/@babel%2fhelper-validator-identifier 125ms (cache miss)
460 silly packumentCache full:https://registry.npmjs.org/@babel%2fhelper-validator-identifier set size:undefined disposed:false
461 http fetch GET 200 https://registry.npmjs.org/@jridgewell%2fgen-mapping 141ms (cache miss)
462 silly packumentCache full:https://registry.npmjs.org/@jridgewell%2fgen-mapping set size:undefined disposed:false
463 http fetch GET 200 https://registry.npmjs.org/@babel%2fhelper-validator-option 138ms (cache miss)
464 silly packumentCache full:https://registry.npmjs.org/@babel%2fhelper-validator-option set size:undefined disposed:false
465 http fetch GET 200 https://registry.npmjs.org/@babel%2fhelper-validator-identifier 97ms (cache miss)
466 silly packumentCache full:https://registry.npmjs.org/@babel%2fhelper-validator-identifier set size:undefined disposed:false
467 http fetch GET 200 https://registry.npmjs.org/@babel%2fhelper-string-parser 109ms (cache miss)
468 silly packumentCache full:https://registry.npmjs.org/@babel%2fhelper-string-parser set size:undefined disposed:false
469 http fetch GET 200 https://registry.npmjs.org/@jridgewell%2ftrace-mapping 152ms (cache miss)
470 silly packumentCache full:https://registry.npmjs.org/@jridgewell%2ftrace-mapping set size:undefined disposed:false
471 http fetch GET 200 https://registry.npmjs.org/@jridgewell%2fgen-mapping 83ms (cache miss)
472 silly packumentCache full:https://registry.npmjs.org/@jridgewell%2fgen-mapping set size:undefined disposed:false
473 http fetch GET 200 https://registry.npmjs.org/lru-cache 163ms (cache miss)
474 silly packumentCache full:https://registry.npmjs.org/lru-cache set size:undefined disposed:false
475 http fetch GET 200 https://registry.npmjs.org/@babel%2fcompat-data 171ms (cache miss)
476 silly packumentCache full:https://registry.npmjs.org/@babel%2fcompat-data set size:undefined disposed:false
477 http fetch GET 200 https://registry.npmjs.org/browserslist 184ms (cache miss)
478 silly packumentCache full:https://registry.npmjs.org/browserslist set size:undefined disposed:false
479 http fetch GET 200 https://registry.npmjs.org/@jridgewell%2ftrace-mapping 96ms (cache miss)
480 silly packumentCache full:https://registry.npmjs.org/@jridgewell%2ftrace-mapping set size:undefined disposed:false
481 http fetch GET 200 https://registry.npmjs.org/@babel%2fhelper-module-imports 198ms (cache miss)
482 silly packumentCache full:https://registry.npmjs.org/@babel%2fhelper-module-imports set size:undefined disposed:false
483 http fetch GET 200 https://registry.npmjs.org/ms 81ms (cache miss)
484 silly packumentCache full:https://registry.npmjs.org/ms set size:undefined disposed:false
485 silly placeDep ROOT @babel/helper-validator-identifier@7.28.5 OK for: @babel/code-frame@7.29.0 want: ^7.28.5
486 silly placeDep ROOT js-tokens@4.0.0 OK for: @babel/code-frame@7.29.0 want: ^4.0.0
487 silly placeDep ROOT picocolors@1.1.1 OK for: @babel/code-frame@7.29.0 want: ^1.1.1
488 silly placeDep ROOT @jridgewell/gen-mapping@0.3.13 OK for: @babel/generator@7.29.1 want: ^0.3.12
489 silly placeDep ROOT @jridgewell/trace-mapping@0.3.31 OK for: @babel/generator@7.29.1 want: ^0.3.28
490 silly placeDep ROOT jsesc@3.1.0 OK for: @babel/generator@7.29.1 want: ^3.0.2
491 silly fetch manifest @jridgewell/sourcemap-codec@^1.5.0
492 silly packumentCache full:https://registry.npmjs.org/@jridgewell%2fsourcemap-codec cache-miss
493 silly fetch manifest @jridgewell/resolve-uri@^3.1.0
494 silly packumentCache full:https://registry.npmjs.org/@jridgewell%2fresolve-uri cache-miss
495 silly fetch manifest @jridgewell/sourcemap-codec@^1.4.14
496 silly packumentCache full:https://registry.npmjs.org/@jridgewell%2fsourcemap-codec cache-miss
497 http fetch GET 200 https://registry.npmjs.org/@jridgewell%2fsourcemap-codec 62ms (cache miss)
498 silly packumentCache full:https://registry.npmjs.org/@jridgewell%2fsourcemap-codec set size:undefined disposed:false
499 http fetch GET 200 https://registry.npmjs.org/@jridgewell%2fsourcemap-codec 63ms (cache miss)
500 silly packumentCache full:https://registry.npmjs.org/@jridgewell%2fsourcemap-codec set size:undefined disposed:false
501 http fetch GET 200 https://registry.npmjs.org/@jridgewell%2fresolve-uri 76ms (cache miss)
502 silly packumentCache full:https://registry.npmjs.org/@jridgewell%2fresolve-uri set size:undefined disposed:false
503 silly placeDep ROOT @babel/compat-data@7.29.3 OK for: @babel/helper-compilation-targets@7.28.6 want: ^7.28.6
504 silly placeDep ROOT @babel/helper-validator-option@7.27.1 OK for: @babel/helper-compilation-targets@7.28.6 want: ^7.27.1
505 silly placeDep ROOT browserslist@4.28.2 OK for: @babel/helper-compilation-targets@7.28.6 want: ^4.24.0
506 silly placeDep ROOT lru-cache@5.1.1 OK for: @babel/helper-compilation-targets@7.28.6 want: ^5.1.1
507 silly fetch manifest baseline-browser-mapping@^2.10.12
508 silly packumentCache full:https://registry.npmjs.org/baseline-browser-mapping cache-miss
509 silly fetch manifest caniuse-lite@^1.0.30001782
510 silly packumentCache full:https://registry.npmjs.org/caniuse-lite cache-miss
511 silly fetch manifest electron-to-chromium@^1.5.328
512 silly packumentCache full:https://registry.npmjs.org/electron-to-chromium cache-miss
513 silly fetch manifest node-releases@^2.0.36
514 silly packumentCache full:https://registry.npmjs.org/node-releases cache-miss
515 silly fetch manifest update-browserslist-db@^1.2.3
516 silly packumentCache full:https://registry.npmjs.org/update-browserslist-db cache-miss
517 silly fetch manifest yallist@^3.0.2
518 silly packumentCache full:https://registry.npmjs.org/yallist cache-miss
519 http fetch GET 200 https://registry.npmjs.org/yallist 56ms (cache miss)
520 silly packumentCache full:https://registry.npmjs.org/yallist set size:undefined disposed:false
521 http fetch GET 200 https://registry.npmjs.org/update-browserslist-db 64ms (cache miss)
522 silly packumentCache full:https://registry.npmjs.org/update-browserslist-db set size:undefined disposed:false
523 http fetch GET 200 https://registry.npmjs.org/baseline-browser-mapping 84ms (cache miss)
524 silly packumentCache full:https://registry.npmjs.org/baseline-browser-mapping set size:undefined disposed:false
525 http fetch GET 200 https://registry.npmjs.org/node-releases 93ms (cache miss)
526 silly packumentCache full:https://registry.npmjs.org/node-releases set size:undefined disposed:false
527 http fetch GET 200 https://registry.npmjs.org/caniuse-lite 148ms (cache miss)
528 silly packumentCache full:https://registry.npmjs.org/caniuse-lite set size:undefined disposed:false
529 http fetch GET 200 https://registry.npmjs.org/electron-to-chromium 189ms (cache miss)
530 silly packumentCache full:https://registry.npmjs.org/electron-to-chromium set size:undefined disposed:false
531 silly placeDep ROOT @babel/helper-module-imports@7.28.6 OK for: @babel/helper-module-transforms@7.28.6 want: ^7.28.6
532 silly placeDep ROOT @babel/helper-plugin-utils@7.28.6 OK for: @babel/plugin-transform-react-jsx-self@7.27.1 want: ^7.27.1
533 silly placeDep ROOT @babel/helper-globals@7.28.0 OK for: @babel/traverse@7.29.0 want: ^7.28.0
534 silly placeDep ROOT @babel/helper-string-parser@7.27.1 OK for: @babel/types@7.29.0 want: ^7.27.1
535 silly placeDep ROOT @jridgewell/sourcemap-codec@1.5.5 OK for: @jridgewell/gen-mapping@0.3.13 want: ^1.5.0
536 silly placeDep ROOT @jridgewell/resolve-uri@3.1.2 OK for: @jridgewell/trace-mapping@0.3.31 want: ^3.1.0
537 silly placeDep ROOT @types/babel__generator@7.27.0 OK for: @types/babel__core@7.20.5 want: *
538 silly placeDep ROOT @types/babel__template@7.4.4 OK for: @types/babel__core@7.20.5 want: *
539 silly placeDep ROOT @types/babel__traverse@7.28.0 OK for: @types/babel__core@7.20.5 want: *
540 silly fetch manifest browserslist@>= 4.21.0
541 silly packumentCache full:https://registry.npmjs.org/browserslist cache-miss
542 http cache https://registry.npmjs.org/browserslist 13ms (cache hit)
543 silly packumentCache full:https://registry.npmjs.org/browserslist set size:504681 disposed:false
544 silly placeDep ROOT baseline-browser-mapping@2.10.31 OK for: browserslist@4.28.2 want: ^2.10.12
545 silly placeDep ROOT caniuse-lite@1.0.30001793 OK for: browserslist@4.28.2 want: ^1.0.30001782
546 silly placeDep ROOT electron-to-chromium@1.5.359 OK for: browserslist@4.28.2 want: ^1.5.328
547 silly placeDep ROOT node-releases@2.0.44 OK for: browserslist@4.28.2 want: ^2.0.36
548 silly placeDep ROOT update-browserslist-db@1.2.3 OK for: browserslist@4.28.2 want: ^1.2.3
549 silly fetch manifest escalade@^3.2.0
550 silly packumentCache full:https://registry.npmjs.org/escalade cache-miss
551 http fetch GET 200 https://registry.npmjs.org/escalade 59ms (cache miss)
552 silly packumentCache full:https://registry.npmjs.org/escalade set size:undefined disposed:false
553 silly placeDep ROOT chalk@4.1.2 OK for: concurrently@9.2.1 want: 4.1.2
554 silly placeDep ROOT rxjs@7.8.2 OK for: concurrently@9.2.1 want: 7.8.2
555 silly placeDep ROOT shell-quote@1.8.3 OK for: concurrently@9.2.1 want: 1.8.3
556 silly placeDep ROOT supports-color@8.1.1 OK for: concurrently@9.2.1 want: 8.1.1
557 silly placeDep ROOT tree-kill@1.2.2 OK for: concurrently@9.2.1 want: 1.2.2
558 silly placeDep ROOT yargs@17.7.2 OK for: concurrently@9.2.1 want: 17.7.2
559 silly fetch manifest ansi-styles@^4.1.0
560 silly packumentCache full:https://registry.npmjs.org/ansi-styles cache-miss
561 silly fetch manifest supports-color@^7.1.0
562 silly packumentCache full:https://registry.npmjs.org/supports-color cache-miss
563 silly fetch manifest tslib@^2.1.0
564 silly packumentCache full:https://registry.npmjs.org/tslib cache-miss
565 silly fetch manifest has-flag@^4.0.0
566 silly packumentCache full:https://registry.npmjs.org/has-flag cache-miss
567 silly fetch manifest y18n@^5.0.5
568 silly packumentCache full:https://registry.npmjs.org/y18n cache-miss
569 silly fetch manifest cliui@^8.0.1
570 silly packumentCache full:https://registry.npmjs.org/cliui cache-miss
571 silly fetch manifest escalade@^3.1.1
572 silly packumentCache full:https://registry.npmjs.org/escalade cache-miss
573 silly fetch manifest string-width@^4.2.3
574 silly packumentCache full:https://registry.npmjs.org/string-width cache-miss
575 silly fetch manifest yargs-parser@^21.1.1
576 silly packumentCache full:https://registry.npmjs.org/yargs-parser cache-miss
577 silly fetch manifest get-caller-file@^2.0.5
578 silly packumentCache full:https://registry.npmjs.org/get-caller-file cache-miss
579 silly fetch manifest require-directory@^2.1.1
580 silly packumentCache full:https://registry.npmjs.org/require-directory cache-miss
581 http cache https://registry.npmjs.org/supports-color 22ms (cache hit)
582 silly packumentCache full:https://registry.npmjs.org/supports-color set size:118680 disposed:false
583 http cache https://registry.npmjs.org/escalade 21ms (cache hit)
584 silly packumentCache full:https://registry.npmjs.org/escalade set size:33724 disposed:false
585 http fetch GET 200 https://registry.npmjs.org/get-caller-file 66ms (cache miss)
586 silly packumentCache full:https://registry.npmjs.org/get-caller-file set size:undefined disposed:false
587 http fetch GET 200 https://registry.npmjs.org/string-width 70ms (cache miss)
588 silly packumentCache full:https://registry.npmjs.org/string-width set size:undefined disposed:false
589 http fetch GET 200 https://registry.npmjs.org/ansi-styles 79ms (cache miss)
590 silly packumentCache full:https://registry.npmjs.org/ansi-styles set size:undefined disposed:false
591 http fetch GET 200 https://registry.npmjs.org/require-directory 74ms (cache miss)
592 silly packumentCache full:https://registry.npmjs.org/require-directory set size:undefined disposed:false
593 http fetch GET 200 https://registry.npmjs.org/y18n 79ms (cache miss)
594 silly packumentCache full:https://registry.npmjs.org/y18n set size:undefined disposed:false
595 http fetch GET 200 https://registry.npmjs.org/tslib 83ms (cache miss)
596 silly packumentCache full:https://registry.npmjs.org/tslib set size:undefined disposed:false
597 http fetch GET 200 https://registry.npmjs.org/cliui 83ms (cache miss)
598 silly packumentCache full:https://registry.npmjs.org/cliui set size:undefined disposed:false
599 http fetch GET 200 https://registry.npmjs.org/yargs-parser 84ms (cache miss)
600 silly packumentCache full:https://registry.npmjs.org/yargs-parser set size:undefined disposed:false
601 http fetch GET 200 https://registry.npmjs.org/has-flag 254ms (cache miss)
602 silly packumentCache full:https://registry.npmjs.org/has-flag set size:undefined disposed:false
603 silly placeDep ROOT ansi-styles@4.3.0 OK for: chalk@4.1.2 want: ^4.1.0
604 silly placeDep node_modules/chalk supports-color@7.2.0 OK for: chalk@4.1.2 want: ^7.1.0
605 silly fetch manifest color-convert@^2.0.1
606 silly packumentCache full:https://registry.npmjs.org/color-convert cache-miss
607 http fetch GET 200 https://registry.npmjs.org/color-convert 57ms (cache miss)
608 silly packumentCache full:https://registry.npmjs.org/color-convert set size:undefined disposed:false
609 silly placeDep ROOT color-convert@2.0.1 OK for: ansi-styles@4.3.0 want: ^2.0.1
610 silly fetch manifest color-name@~1.1.4
611 silly packumentCache full:https://registry.npmjs.org/color-name cache-miss
612 http fetch GET 200 https://registry.npmjs.org/color-name 54ms (cache miss)
613 silly packumentCache full:https://registry.npmjs.org/color-name set size:undefined disposed:false
614 silly placeDep ROOT color-name@1.1.4 OK for: color-convert@2.0.1 want: ~1.1.4
615 silly placeDep ROOT ms@2.1.3 OK for: debug@4.4.3 want: ^2.1.3
616 silly placeDep ROOT accepts@2.0.0 OK for: express@5.2.1 want: ^2.0.0
617 silly placeDep ROOT body-parser@2.2.2 OK for: express@5.2.1 want: ^2.2.1
618 silly placeDep ROOT content-disposition@1.1.0 OK for: express@5.2.1 want: ^1.0.0
619 silly placeDep ROOT content-type@1.0.5 OK for: express@5.2.1 want: ^1.0.5
620 silly placeDep ROOT cookie@0.7.2 OK for: express@5.2.1 want: ^0.7.1
621 silly placeDep ROOT cookie-signature@1.2.2 OK for: express@5.2.1 want: ^1.2.1
622 silly placeDep ROOT depd@2.0.0 OK for: express@5.2.1 want: ^2.0.0
623 silly placeDep ROOT encodeurl@2.0.0 OK for: express@5.2.1 want: ^2.0.0
624 silly placeDep ROOT escape-html@1.0.3 OK for: express@5.2.1 want: ^1.0.3
625 silly placeDep ROOT etag@1.8.1 OK for: express@5.2.1 want: ^1.8.1
626 silly placeDep ROOT finalhandler@2.1.1 OK for: express@5.2.1 want: ^2.1.0
627 silly placeDep ROOT fresh@2.0.0 OK for: express@5.2.1 want: ^2.0.0
628 silly placeDep ROOT http-errors@2.0.1 OK for: express@5.2.1 want: ^2.0.0
629 silly placeDep ROOT merge-descriptors@2.0.0 OK for: express@5.2.1 want: ^2.0.0
630 silly placeDep ROOT mime-types@3.0.2 OK for: express@5.2.1 want: ^3.0.0
631 silly placeDep ROOT on-finished@2.4.1 OK for: express@5.2.1 want: ^2.4.1
632 silly placeDep ROOT once@1.4.0 OK for: express@5.2.1 want: ^1.4.0
633 silly placeDep ROOT parseurl@1.3.3 OK for: express@5.2.1 want: ^1.3.3
634 silly placeDep ROOT proxy-addr@2.0.7 OK for: express@5.2.1 want: ^2.0.7
635 silly placeDep ROOT qs@6.15.2 OK for: express@5.2.1 want: ^6.14.0
636 silly placeDep ROOT range-parser@1.2.1 OK for: express@5.2.1 want: ^1.2.1
637 silly placeDep ROOT router@2.2.0 OK for: express@5.2.1 want: ^2.2.0
638 silly placeDep ROOT send@1.2.1 OK for: express@5.2.1 want: ^1.1.0
639 silly placeDep ROOT serve-static@2.2.1 OK for: express@5.2.1 want: ^2.2.0
640 silly placeDep ROOT statuses@2.0.2 OK for: express@5.2.1 want: ^2.0.1
641 silly placeDep ROOT type-is@2.1.0 OK for: express@5.2.1 want: ^2.0.1
642 silly placeDep ROOT vary@1.1.2 OK for: express@5.2.1 want: ^1.1.2
643 silly fetch manifest negotiator@^1.0.0
644 silly packumentCache full:https://registry.npmjs.org/negotiator cache-miss
645 silly fetch manifest qs@^6.14.1
646 silly packumentCache full:https://registry.npmjs.org/qs cache-miss
647 silly fetch manifest bytes@^3.1.2
648 silly packumentCache full:https://registry.npmjs.org/bytes cache-miss
649 silly fetch manifest raw-body@^3.0.1
650 silly packumentCache full:https://registry.npmjs.org/raw-body cache-miss
651 silly fetch manifest iconv-lite@^0.7.0
652 silly packumentCache full:https://registry.npmjs.org/iconv-lite cache-miss
653 silly fetch manifest inherits@~2.0.4
654 silly packumentCache full:https://registry.npmjs.org/inherits cache-miss
655 silly fetch manifest setprototypeof@~1.2.0
656 silly packumentCache full:https://registry.npmjs.org/setprototypeof cache-miss
657 silly fetch manifest statuses@~2.0.2
658 silly packumentCache full:https://registry.npmjs.org/statuses cache-miss
659 silly fetch manifest toidentifier@~1.0.1
660 silly packumentCache full:https://registry.npmjs.org/toidentifier cache-miss
661 silly fetch manifest mime-db@^1.54.0
662 silly packumentCache full:https://registry.npmjs.org/mime-db cache-miss
663 silly fetch manifest ee-first@1.1.1
664 silly packumentCache full:https://registry.npmjs.org/ee-first cache-miss
665 silly fetch manifest wrappy@1
666 silly packumentCache full:https://registry.npmjs.org/wrappy cache-miss
667 silly fetch manifest forwarded@0.2.0
668 silly packumentCache full:https://registry.npmjs.org/forwarded cache-miss
669 silly fetch manifest ipaddr.js@1.9.1
670 silly packumentCache full:https://registry.npmjs.org/ipaddr.js cache-miss
671 silly fetch manifest side-channel@^1.1.0
672 silly packumentCache full:https://registry.npmjs.org/side-channel cache-miss
673 http cache https://registry.npmjs.org/qs 29ms (cache hit)
674 silly packumentCache full:https://registry.npmjs.org/qs set size:356906 disposed:false
675 silly fetch manifest is-promise@^4.0.0
676 silly packumentCache full:https://registry.npmjs.org/is-promise cache-miss
677 http cache https://registry.npmjs.org/statuses 30ms (cache hit)
678 silly packumentCache full:https://registry.npmjs.org/statuses set size:37117 disposed:false
679 silly fetch manifest path-to-regexp@^8.0.0
680 silly packumentCache full:https://registry.npmjs.org/path-to-regexp cache-miss
681 http fetch GET 200 https://registry.npmjs.org/bytes 89ms (cache miss)
682 silly packumentCache full:https://registry.npmjs.org/bytes set size:undefined disposed:false
683 silly fetch manifest statuses@^2.0.2
684 silly packumentCache full:https://registry.npmjs.org/statuses cache-hit
685 silly fetch manifest content-type@^2.0.0
686 silly packumentCache full:https://registry.npmjs.org/content-type cache-miss
687 http fetch GET 200 https://registry.npmjs.org/inherits 91ms (cache miss)
688 silly packumentCache full:https://registry.npmjs.org/inherits set size:undefined disposed:false
689 silly fetch manifest media-typer@^1.1.0
690 silly packumentCache full:https://registry.npmjs.org/media-typer cache-miss
691 http fetch GET 200 https://registry.npmjs.org/wrappy 94ms (cache miss)
692 silly packumentCache full:https://registry.npmjs.org/wrappy set size:undefined disposed:false
693 http fetch GET 200 https://registry.npmjs.org/ee-first 96ms (cache miss)
694 silly packumentCache full:https://registry.npmjs.org/ee-first set size:undefined disposed:false
695 http fetch GET 200 https://registry.npmjs.org/forwarded 97ms (cache miss)
696 silly packumentCache full:https://registry.npmjs.org/forwarded set size:undefined disposed:false
697 http fetch GET 200 https://registry.npmjs.org/toidentifier 101ms (cache miss)
698 silly packumentCache full:https://registry.npmjs.org/toidentifier set size:undefined disposed:false
699 http fetch GET 200 https://registry.npmjs.org/setprototypeof 105ms (cache miss)
700 silly packumentCache full:https://registry.npmjs.org/setprototypeof set size:undefined disposed:false
701 http fetch GET 200 https://registry.npmjs.org/negotiator 112ms (cache miss)
702 silly packumentCache full:https://registry.npmjs.org/negotiator set size:undefined disposed:false
703 http fetch GET 200 https://registry.npmjs.org/is-promise 83ms (cache miss)
704 silly packumentCache full:https://registry.npmjs.org/is-promise set size:undefined disposed:false
705 http fetch GET 200 https://registry.npmjs.org/iconv-lite 118ms (cache miss)
706 silly packumentCache full:https://registry.npmjs.org/iconv-lite set size:undefined disposed:false
707 http fetch GET 200 https://registry.npmjs.org/side-channel 113ms (cache miss)
708 silly packumentCache full:https://registry.npmjs.org/side-channel set size:undefined disposed:false
709 http fetch GET 200 https://registry.npmjs.org/ipaddr.js 116ms (cache miss)
710 silly packumentCache full:https://registry.npmjs.org/ipaddr.js set size:undefined disposed:false
711 http fetch GET 200 https://registry.npmjs.org/raw-body 127ms (cache miss)
712 silly packumentCache full:https://registry.npmjs.org/raw-body set size:undefined disposed:false
713 http cache https://registry.npmjs.org/content-type 38ms (cache hit)
714 silly packumentCache full:https://registry.npmjs.org/content-type set size:18994 disposed:false
715 http fetch GET 200 https://registry.npmjs.org/mime-db 125ms (cache miss)
716 silly packumentCache full:https://registry.npmjs.org/mime-db set size:undefined disposed:false
717 http fetch GET 200 https://registry.npmjs.org/path-to-regexp 100ms (cache miss)
718 silly packumentCache full:https://registry.npmjs.org/path-to-regexp set size:undefined disposed:false
719 http fetch GET 200 https://registry.npmjs.org/media-typer 53ms (cache miss)
720 silly packumentCache full:https://registry.npmjs.org/media-typer set size:undefined disposed:false
721 silly placeDep ROOT negotiator@1.0.0 OK for: accepts@2.0.0 want: ^1.0.0
722 silly placeDep ROOT bytes@3.1.2 OK for: body-parser@2.2.2 want: ^3.1.2
723 silly placeDep ROOT iconv-lite@0.7.2 OK for: body-parser@2.2.2 want: ^0.7.0
724 silly placeDep ROOT raw-body@3.0.2 OK for: body-parser@2.2.2 want: ^3.0.1
725 silly fetch manifest safer-buffer@>= 2.1.2 < 3.0.0
726 silly packumentCache full:https://registry.npmjs.org/safer-buffer cache-miss
727 silly fetch manifest unpipe@~1.0.0
728 silly packumentCache full:https://registry.npmjs.org/unpipe cache-miss
729 http fetch GET 200 https://registry.npmjs.org/safer-buffer 54ms (cache miss)
730 silly packumentCache full:https://registry.npmjs.org/safer-buffer set size:undefined disposed:false
731 http fetch GET 200 https://registry.npmjs.org/unpipe 56ms (cache miss)
732 silly packumentCache full:https://registry.npmjs.org/unpipe set size:undefined disposed:false
733 silly placeDep ROOT inherits@2.0.4 OK for: http-errors@2.0.1 want: ~2.0.4
734 silly placeDep ROOT setprototypeof@1.2.0 OK for: http-errors@2.0.1 want: ~1.2.0
735 silly placeDep ROOT toidentifier@1.0.1 OK for: http-errors@2.0.1 want: ~1.0.1
736 silly placeDep ROOT safer-buffer@2.1.2 OK for: iconv-lite@0.7.2 want: >= 2.1.2 < 3.0.0
737 silly placeDep ROOT yallist@3.1.1 OK for: lru-cache@5.1.1 want: ^3.0.2
738 silly placeDep ROOT mime-db@1.54.0 OK for: mime-types@3.0.2 want: ^1.54.0
739 silly placeDep ROOT ee-first@1.1.1 OK for: on-finished@2.4.1 want: 1.1.1
740 silly placeDep ROOT wrappy@1.0.2 OK for: once@1.4.0 want: 1
741 silly placeDep ROOT forwarded@0.2.0 OK for: proxy-addr@2.0.7 want: 0.2.0
742 silly placeDep ROOT ipaddr.js@1.9.1 OK for: proxy-addr@2.0.7 want: 1.9.1
743 silly placeDep ROOT side-channel@1.1.0 OK for: qs@6.15.2 want: ^1.1.0
744 silly fetch manifest es-errors@^1.3.0
745 silly packumentCache full:https://registry.npmjs.org/es-errors cache-miss
746 silly fetch manifest object-inspect@^1.13.3
747 silly packumentCache full:https://registry.npmjs.org/object-inspect cache-miss
748 silly fetch manifest side-channel-list@^1.0.0
749 silly packumentCache full:https://registry.npmjs.org/side-channel-list cache-miss
750 silly fetch manifest side-channel-map@^1.0.1
751 silly packumentCache full:https://registry.npmjs.org/side-channel-map cache-miss
752 silly fetch manifest side-channel-weakmap@^1.0.2
753 silly packumentCache full:https://registry.npmjs.org/side-channel-weakmap cache-miss
754 http fetch GET 200 https://registry.npmjs.org/side-channel-map 51ms (cache miss)
755 silly packumentCache full:https://registry.npmjs.org/side-channel-map set size:undefined disposed:false
756 http fetch GET 200 https://registry.npmjs.org/es-errors 53ms (cache miss)
757 silly packumentCache full:https://registry.npmjs.org/es-errors set size:undefined disposed:false
758 http fetch GET 200 https://registry.npmjs.org/side-channel-weakmap 54ms (cache miss)
759 silly packumentCache full:https://registry.npmjs.org/side-channel-weakmap set size:undefined disposed:false
760 http fetch GET 200 https://registry.npmjs.org/object-inspect 56ms (cache miss)
761 silly packumentCache full:https://registry.npmjs.org/object-inspect set size:undefined disposed:false
762 http fetch GET 200 https://registry.npmjs.org/side-channel-list 71ms (cache miss)
763 silly packumentCache full:https://registry.npmjs.org/side-channel-list set size:undefined disposed:false
764 silly placeDep ROOT unpipe@1.0.0 OK for: raw-body@3.0.2 want: ~1.0.0
765 silly placeDep ROOT scheduler@0.27.0 OK for: react-dom@19.2.6 want: ^0.27.0
766 silly placeDep ROOT is-promise@4.0.0 OK for: router@2.2.0 want: ^4.0.0
767 silly placeDep ROOT path-to-regexp@8.4.2 OK for: router@2.2.0 want: ^8.0.0
768 silly placeDep ROOT tslib@2.8.1 OK for: rxjs@7.8.2 want: ^2.1.0
769 silly placeDep ROOT es-errors@1.3.0 OK for: side-channel@1.1.0 want: ^1.3.0
770 silly placeDep ROOT object-inspect@1.13.4 OK for: side-channel@1.1.0 want: ^1.13.3
771 silly placeDep ROOT side-channel-list@1.0.1 OK for: side-channel@1.1.0 want: ^1.0.0
772 silly placeDep ROOT side-channel-map@1.0.1 OK for: side-channel@1.1.0 want: ^1.0.1
773 silly placeDep ROOT side-channel-weakmap@1.0.2 OK for: side-channel@1.1.0 want: ^1.0.2
774 silly fetch manifest call-bound@^1.0.2
775 silly packumentCache full:https://registry.npmjs.org/call-bound cache-miss
776 silly fetch manifest get-intrinsic@^1.2.5
777 silly packumentCache full:https://registry.npmjs.org/get-intrinsic cache-miss
778 silly fetch manifest call-bound@^1.0.2
779 silly packumentCache full:https://registry.npmjs.org/call-bound cache-miss
780 silly fetch manifest get-intrinsic@^1.2.5
781 silly packumentCache full:https://registry.npmjs.org/get-intrinsic cache-miss
782 http fetch GET 200 https://registry.npmjs.org/call-bound 64ms (cache miss)
783 silly packumentCache full:https://registry.npmjs.org/call-bound set size:undefined disposed:false
784 http fetch GET 200 https://registry.npmjs.org/call-bound 68ms (cache miss)
785 silly packumentCache full:https://registry.npmjs.org/call-bound set size:undefined disposed:false
786 http fetch GET 200 https://registry.npmjs.org/get-intrinsic 70ms (cache miss)
787 silly packumentCache full:https://registry.npmjs.org/get-intrinsic set size:undefined disposed:false
788 http fetch GET 200 https://registry.npmjs.org/get-intrinsic 72ms (cache miss)
789 silly packumentCache full:https://registry.npmjs.org/get-intrinsic set size:undefined disposed:false
790 silly placeDep ROOT call-bound@1.0.4 OK for: side-channel-map@1.0.1 want: ^1.0.2
791 silly placeDep ROOT get-intrinsic@1.3.0 OK for: side-channel-map@1.0.1 want: ^1.2.5
792 silly fetch manifest call-bind-apply-helpers@^1.0.2
793 silly packumentCache full:https://registry.npmjs.org/call-bind-apply-helpers cache-miss
794 silly fetch manifest get-intrinsic@^1.3.0
795 silly packumentCache full:https://registry.npmjs.org/get-intrinsic cache-miss
796 silly fetch manifest gopd@^1.2.0
797 silly packumentCache full:https://registry.npmjs.org/gopd cache-miss
798 silly fetch manifest hasown@^2.0.2
799 silly packumentCache full:https://registry.npmjs.org/hasown cache-miss
800 silly fetch manifest get-proto@^1.0.1
801 silly packumentCache full:https://registry.npmjs.org/get-proto cache-miss
802 silly fetch manifest has-symbols@^1.1.0
803 silly packumentCache full:https://registry.npmjs.org/has-symbols cache-miss
804 silly fetch manifest function-bind@^1.1.2
805 silly packumentCache full:https://registry.npmjs.org/function-bind cache-miss
806 silly fetch manifest es-object-atoms@^1.1.1
807 silly packumentCache full:https://registry.npmjs.org/es-object-atoms cache-miss
808 silly fetch manifest math-intrinsics@^1.1.0
809 silly packumentCache full:https://registry.npmjs.org/math-intrinsics cache-miss
810 silly fetch manifest es-define-property@^1.0.1
811 silly packumentCache full:https://registry.npmjs.org/es-define-property cache-miss
812 silly fetch manifest call-bind-apply-helpers@^1.0.2
813 silly packumentCache full:https://registry.npmjs.org/call-bind-apply-helpers cache-miss
814 http cache https://registry.npmjs.org/get-intrinsic 14ms (cache hit)
815 silly packumentCache full:https://registry.npmjs.org/get-intrinsic set size:60985 disposed:false
816 http fetch GET 200 https://registry.npmjs.org/es-object-atoms 61ms (cache miss)
817 silly packumentCache full:https://registry.npmjs.org/es-object-atoms set size:undefined disposed:false
818 http fetch GET 200 https://registry.npmjs.org/call-bind-apply-helpers 61ms (cache miss)
819 silly packumentCache full:https://registry.npmjs.org/call-bind-apply-helpers set size:undefined disposed:false
820 http fetch GET 200 https://registry.npmjs.org/math-intrinsics 63ms (cache miss)
821 silly packumentCache full:https://registry.npmjs.org/math-intrinsics set size:undefined disposed:false
822 http fetch GET 200 https://registry.npmjs.org/function-bind 65ms (cache miss)
823 silly packumentCache full:https://registry.npmjs.org/function-bind set size:undefined disposed:false
824 http fetch GET 200 https://registry.npmjs.org/get-proto 67ms (cache miss)
825 silly packumentCache full:https://registry.npmjs.org/get-proto set size:undefined disposed:false
826 http fetch GET 200 https://registry.npmjs.org/has-symbols 68ms (cache miss)
827 silly packumentCache full:https://registry.npmjs.org/has-symbols set size:undefined disposed:false
828 http fetch GET 200 https://registry.npmjs.org/hasown 70ms (cache miss)
829 silly packumentCache full:https://registry.npmjs.org/hasown set size:undefined disposed:false
830 http fetch GET 200 https://registry.npmjs.org/es-define-property 69ms (cache miss)
831 silly packumentCache full:https://registry.npmjs.org/es-define-property set size:undefined disposed:false
832 http fetch GET 200 https://registry.npmjs.org/call-bind-apply-helpers 72ms (cache miss)
833 silly packumentCache full:https://registry.npmjs.org/call-bind-apply-helpers set size:undefined disposed:false
834 http fetch GET 200 https://registry.npmjs.org/gopd 73ms (cache miss)
835 silly packumentCache full:https://registry.npmjs.org/gopd set size:undefined disposed:false
836 silly placeDep ROOT call-bind-apply-helpers@1.0.2 OK for: call-bound@1.0.4 want: ^1.0.2
837 silly placeDep ROOT function-bind@1.1.2 OK for: call-bind-apply-helpers@1.0.2 want: ^1.1.2
838 silly placeDep ROOT es-define-property@1.0.1 OK for: get-intrinsic@1.3.0 want: ^1.0.1
839 silly placeDep ROOT es-object-atoms@1.1.1 OK for: get-intrinsic@1.3.0 want: ^1.1.1
840 silly placeDep ROOT get-proto@1.0.1 OK for: get-intrinsic@1.3.0 want: ^1.0.1
841 silly placeDep ROOT gopd@1.2.0 OK for: get-intrinsic@1.3.0 want: ^1.2.0
842 silly placeDep ROOT has-symbols@1.1.0 OK for: get-intrinsic@1.3.0 want: ^1.1.0
843 silly placeDep ROOT hasown@2.0.3 OK for: get-intrinsic@1.3.0 want: ^2.0.2
844 silly placeDep ROOT math-intrinsics@1.1.0 OK for: get-intrinsic@1.3.0 want: ^1.1.0
845 silly fetch manifest dunder-proto@^1.0.1
846 silly packumentCache full:https://registry.npmjs.org/dunder-proto cache-miss
847 http fetch GET 200 https://registry.npmjs.org/dunder-proto 54ms (cache miss)
848 silly packumentCache full:https://registry.npmjs.org/dunder-proto set size:undefined disposed:false
849 silly placeDep ROOT dunder-proto@1.0.1 OK for: get-proto@1.0.1 want: ^1.0.1
850 silly placeDep ROOT has-flag@4.0.0 OK for: supports-color@8.1.1 want: ^4.0.0
851 silly placeDep node_modules/type-is content-type@2.0.0 OK for: type-is@2.1.0 want: ^2.0.0
852 silly placeDep ROOT media-typer@1.1.0 OK for: type-is@2.1.0 want: ^1.1.0
853 silly placeDep ROOT escalade@3.2.0 OK for: update-browserslist-db@1.2.3 want: ^3.2.0
854 silly placeDep ROOT esbuild@0.27.7 OK for: vite@7.3.3 want: ^0.27.0
855 silly placeDep ROOT fdir@6.5.0 OK for: vite@7.3.3 want: ^6.5.0
856 silly placeDep ROOT fsevents@2.3.3 OK for: vite@7.3.3 want: ~2.3.3
857 silly placeDep ROOT picomatch@4.0.4 OK for: vite@7.3.3 want: ^4.0.3
858 silly placeDep ROOT postcss@8.5.15 OK for: vite@7.3.3 want: ^8.5.6
859 silly placeDep ROOT rollup@4.60.4 OK for: vite@7.3.3 want: ^4.43.0
860 silly placeDep ROOT tinyglobby@0.2.16 OK for: vite@7.3.3 want: ^0.2.15
861 silly fetch manifest @esbuild/aix-ppc64@0.27.7
862 silly packumentCache full:https://registry.npmjs.org/@esbuild%2faix-ppc64 cache-miss
863 silly fetch manifest @esbuild/linux-arm@0.27.7
864 silly packumentCache full:https://registry.npmjs.org/@esbuild%2flinux-arm cache-miss
865 silly fetch manifest @esbuild/linux-x64@0.27.7
866 silly packumentCache full:https://registry.npmjs.org/@esbuild%2flinux-x64 cache-miss
867 silly fetch manifest @esbuild/sunos-x64@0.27.7
868 silly packumentCache full:https://registry.npmjs.org/@esbuild%2fsunos-x64 cache-miss
869 silly fetch manifest @esbuild/win32-x64@0.27.7
870 silly packumentCache full:https://registry.npmjs.org/@esbuild%2fwin32-x64 cache-miss
871 silly fetch manifest @esbuild/darwin-x64@0.27.7
872 silly packumentCache full:https://registry.npmjs.org/@esbuild%2fdarwin-x64 cache-miss
873 silly fetch manifest @esbuild/linux-ia32@0.27.7
874 silly packumentCache full:https://registry.npmjs.org/@esbuild%2flinux-ia32 cache-miss
875 silly fetch manifest @esbuild/netbsd-x64@0.27.7
876 silly packumentCache full:https://registry.npmjs.org/@esbuild%2fnetbsd-x64 cache-miss
877 silly fetch manifest @esbuild/win32-ia32@0.27.7
878 silly packumentCache full:https://registry.npmjs.org/@esbuild%2fwin32-ia32 cache-miss
879 silly fetch manifest @esbuild/android-arm@0.27.7
880 silly packumentCache full:https://registry.npmjs.org/@esbuild%2fandroid-arm cache-miss
881 silly fetch manifest @esbuild/android-x64@0.27.7
882 silly packumentCache full:https://registry.npmjs.org/@esbuild%2fandroid-x64 cache-miss
883 silly fetch manifest @esbuild/freebsd-x64@0.27.7
884 silly packumentCache full:https://registry.npmjs.org/@esbuild%2ffreebsd-x64 cache-miss
885 silly fetch manifest @esbuild/linux-arm64@0.27.7
886 silly packumentCache full:https://registry.npmjs.org/@esbuild%2flinux-arm64 cache-miss
887 silly fetch manifest @esbuild/linux-ppc64@0.27.7
888 silly packumentCache full:https://registry.npmjs.org/@esbuild%2flinux-ppc64 cache-miss
889 silly fetch manifest @esbuild/linux-s390x@0.27.7
890 silly packumentCache full:https://registry.npmjs.org/@esbuild%2flinux-s390x cache-miss
891 http fetch GET 200 https://registry.npmjs.org/@esbuild%2fdarwin-x64 81ms (cache miss)
892 silly packumentCache full:https://registry.npmjs.org/@esbuild%2fdarwin-x64 set size:undefined disposed:false
893 silly fetch manifest @esbuild/openbsd-x64@0.27.7
894 silly packumentCache full:https://registry.npmjs.org/@esbuild%2fopenbsd-x64 cache-miss
895 http fetch GET 200 https://registry.npmjs.org/@esbuild%2faix-ppc64 101ms (cache miss)
896 silly packumentCache full:https://registry.npmjs.org/@esbuild%2faix-ppc64 set size:undefined disposed:false
897 silly fetch manifest @esbuild/win32-arm64@0.27.7
898 silly packumentCache full:https://registry.npmjs.org/@esbuild%2fwin32-arm64 cache-miss
899 http fetch GET 200 https://registry.npmjs.org/@esbuild%2fnetbsd-x64 104ms (cache miss)
900 silly packumentCache full:https://registry.npmjs.org/@esbuild%2fnetbsd-x64 set size:undefined disposed:false
901 silly fetch manifest @esbuild/darwin-arm64@0.27.7
902 silly packumentCache full:https://registry.npmjs.org/@esbuild%2fdarwin-arm64 cache-miss
903 http fetch GET 200 https://registry.npmjs.org/@esbuild%2fwin32-ia32 110ms (cache miss)
904 silly packumentCache full:https://registry.npmjs.org/@esbuild%2fwin32-ia32 set size:undefined disposed:false
905 silly fetch manifest @esbuild/netbsd-arm64@0.27.7
906 silly packumentCache full:https://registry.npmjs.org/@esbuild%2fnetbsd-arm64 cache-miss
907 http fetch GET 200 https://registry.npmjs.org/@esbuild%2flinux-arm64 113ms (cache miss)
908 silly packumentCache full:https://registry.npmjs.org/@esbuild%2flinux-arm64 set size:undefined disposed:false
909 silly fetch manifest @esbuild/android-arm64@0.27.7
910 silly packumentCache full:https://registry.npmjs.org/@esbuild%2fandroid-arm64 cache-miss
911 http fetch GET 200 https://registry.npmjs.org/@esbuild%2fandroid-x64 120ms (cache miss)
912 silly packumentCache full:https://registry.npmjs.org/@esbuild%2fandroid-x64 set size:undefined disposed:false
913 silly fetch manifest @esbuild/freebsd-arm64@0.27.7
914 silly packumentCache full:https://registry.npmjs.org/@esbuild%2ffreebsd-arm64 cache-miss
915 http fetch GET 200 https://registry.npmjs.org/@esbuild%2flinux-arm 125ms (cache miss)
916 silly packumentCache full:https://registry.npmjs.org/@esbuild%2flinux-arm set size:undefined disposed:false
917 silly fetch manifest @esbuild/linux-loong64@0.27.7
918 silly packumentCache full:https://registry.npmjs.org/@esbuild%2flinux-loong64 cache-miss
919 http fetch GET 200 https://registry.npmjs.org/@esbuild%2fandroid-arm 125ms (cache miss)
920 silly packumentCache full:https://registry.npmjs.org/@esbuild%2fandroid-arm set size:undefined disposed:false
921 silly fetch manifest @esbuild/linux-riscv64@0.27.7
922 silly packumentCache full:https://registry.npmjs.org/@esbuild%2flinux-riscv64 cache-miss
923 http fetch GET 200 https://registry.npmjs.org/@esbuild%2ffreebsd-x64 130ms (cache miss)
924 silly packumentCache full:https://registry.npmjs.org/@esbuild%2ffreebsd-x64 set size:undefined disposed:false
925 silly fetch manifest @esbuild/openbsd-arm64@0.27.7
926 silly packumentCache full:https://registry.npmjs.org/@esbuild%2fopenbsd-arm64 cache-miss
927 http fetch GET 200 https://registry.npmjs.org/@esbuild%2flinux-ia32 136ms (cache miss)
928 silly packumentCache full:https://registry.npmjs.org/@esbuild%2flinux-ia32 set size:undefined disposed:false
929 silly fetch manifest @esbuild/linux-mips64el@0.27.7
930 silly packumentCache full:https://registry.npmjs.org/@esbuild%2flinux-mips64el cache-miss
931 http fetch GET 200 https://registry.npmjs.org/@esbuild%2fsunos-x64 141ms (cache miss)
932 silly packumentCache full:https://registry.npmjs.org/@esbuild%2fsunos-x64 set size:undefined disposed:false
933 silly fetch manifest @esbuild/openharmony-arm64@0.27.7
934 silly packumentCache full:https://registry.npmjs.org/@esbuild%2fopenharmony-arm64 cache-miss
935 http fetch GET 200 https://registry.npmjs.org/@esbuild%2fwin32-x64 143ms (cache miss)
936 silly packumentCache full:https://registry.npmjs.org/@esbuild%2fwin32-x64 set size:undefined disposed:false
937 silly fetch manifest nanoid@^3.3.12
938 silly packumentCache full:https://registry.npmjs.org/nanoid cache-miss
939 http fetch GET 200 https://registry.npmjs.org/@esbuild%2flinux-s390x 146ms (cache miss)
940 silly packumentCache full:https://registry.npmjs.org/@esbuild%2flinux-s390x set size:undefined disposed:false
941 silly fetch manifest source-map-js@^1.2.1
942 silly packumentCache full:https://registry.npmjs.org/source-map-js cache-miss
943 http fetch GET 200 https://registry.npmjs.org/@esbuild%2flinux-x64 159ms (cache miss)
944 silly packumentCache full:https://registry.npmjs.org/@esbuild%2flinux-x64 set size:undefined disposed:false
945 silly fetch manifest @types/estree@1.0.8
946 silly packumentCache full:https://registry.npmjs.org/@types%2festree cache-miss
947 http fetch GET 200 https://registry.npmjs.org/@esbuild%2fopenbsd-x64 81ms (cache miss)
948 silly packumentCache full:https://registry.npmjs.org/@esbuild%2fopenbsd-x64 set size:undefined disposed:false
949 silly fetch manifest @rollup/rollup-darwin-arm64@4.60.4
950 silly packumentCache full:https://registry.npmjs.org/@rollup%2frollup-darwin-arm64 cache-miss
951 http fetch GET 200 https://registry.npmjs.org/@esbuild%2flinux-ppc64 173ms (cache miss)
952 silly packumentCache full:https://registry.npmjs.org/@esbuild%2flinux-ppc64 set size:undefined disposed:false
953 silly fetch manifest @rollup/rollup-android-arm64@4.60.4
954 silly packumentCache full:https://registry.npmjs.org/@rollup%2frollup-android-arm64 cache-miss
955 http fetch GET 200 https://registry.npmjs.org/@esbuild%2fwin32-arm64 78ms (cache miss)
956 silly packumentCache full:https://registry.npmjs.org/@esbuild%2fwin32-arm64 set size:undefined disposed:false
957 silly fetch manifest @rollup/rollup-win32-arm64-msvc@4.60.4
958 silly packumentCache full:https://registry.npmjs.org/@rollup%2frollup-win32-arm64-msvc cache-miss
959 http fetch GET 200 https://registry.npmjs.org/@esbuild%2fnetbsd-arm64 92ms (cache miss)
960 silly packumentCache full:https://registry.npmjs.org/@esbuild%2fnetbsd-arm64 set size:undefined disposed:false
961 silly fetch manifest @rollup/rollup-freebsd-arm64@4.60.4
962 silly packumentCache full:https://registry.npmjs.org/@rollup%2frollup-freebsd-arm64 cache-miss
963 http fetch GET 200 https://registry.npmjs.org/@esbuild%2fopenbsd-arm64 92ms (cache miss)
964 silly packumentCache full:https://registry.npmjs.org/@esbuild%2fopenbsd-arm64 set size:undefined disposed:false
965 silly fetch manifest @rollup/rollup-linux-arm64-gnu@4.60.4
966 silly packumentCache full:https://registry.npmjs.org/@rollup%2frollup-linux-arm64-gnu cache-miss
967 http fetch GET 200 https://registry.npmjs.org/source-map-js 80ms (cache miss)
968 silly packumentCache full:https://registry.npmjs.org/source-map-js set size:undefined disposed:false
969 silly fetch manifest @rollup/rollup-linux-arm64-musl@4.60.4
970 silly packumentCache full:https://registry.npmjs.org/@rollup%2frollup-linux-arm64-musl cache-miss
971 http fetch GET 200 https://registry.npmjs.org/@esbuild%2fandroid-arm64 119ms (cache miss)
972 silly packumentCache full:https://registry.npmjs.org/@esbuild%2fandroid-arm64 set size:undefined disposed:false
973 silly fetch manifest @rollup/rollup-android-arm-eabi@4.60.4
974 silly packumentCache full:https://registry.npmjs.org/@rollup%2frollup-android-arm-eabi cache-miss
975 http fetch GET 200 https://registry.npmjs.org/@esbuild%2fdarwin-arm64 132ms (cache miss)
976 silly packumentCache full:https://registry.npmjs.org/@esbuild%2fdarwin-arm64 set size:undefined disposed:false
977 silly fetch manifest @rollup/rollup-linux-arm-gnueabihf@4.60.4
978 silly packumentCache full:https://registry.npmjs.org/@rollup%2frollup-linux-arm-gnueabihf cache-miss
979 http fetch GET 200 https://registry.npmjs.org/@esbuild%2fopenharmony-arm64 100ms (cache miss)
980 silly packumentCache full:https://registry.npmjs.org/@esbuild%2fopenharmony-arm64 set size:undefined disposed:false
981 silly fetch manifest @rollup/rollup-linux-arm-musleabihf@4.60.4
982 silly packumentCache full:https://registry.npmjs.org/@rollup%2frollup-linux-arm-musleabihf cache-miss
983 http fetch GET 200 https://registry.npmjs.org/@esbuild%2ffreebsd-arm64 126ms (cache miss)
984 silly packumentCache full:https://registry.npmjs.org/@esbuild%2ffreebsd-arm64 set size:undefined disposed:false
985 silly fetch manifest @rollup/rollup-win32-ia32-msvc@4.60.4
986 silly packumentCache full:https://registry.npmjs.org/@rollup%2frollup-win32-ia32-msvc cache-miss
987 http fetch GET 200 https://registry.npmjs.org/@esbuild%2flinux-riscv64 127ms (cache miss)
988 silly packumentCache full:https://registry.npmjs.org/@esbuild%2flinux-riscv64 set size:undefined disposed:false
989 silly fetch manifest @rollup/rollup-linux-loong64-gnu@4.60.4
990 silly packumentCache full:https://registry.npmjs.org/@rollup%2frollup-linux-loong64-gnu cache-miss
991 http fetch GET 200 https://registry.npmjs.org/@esbuild%2flinux-loong64 134ms (cache miss)
992 silly packumentCache full:https://registry.npmjs.org/@esbuild%2flinux-loong64 set size:undefined disposed:false
993 silly fetch manifest @rollup/rollup-linux-loong64-musl@4.60.4
994 silly packumentCache full:https://registry.npmjs.org/@rollup%2frollup-linux-loong64-musl cache-miss
995 http fetch GET 200 https://registry.npmjs.org/nanoid 118ms (cache miss)
996 silly packumentCache full:https://registry.npmjs.org/nanoid set size:undefined disposed:false
997 silly fetch manifest @rollup/rollup-linux-riscv64-gnu@4.60.4
998 silly packumentCache full:https://registry.npmjs.org/@rollup%2frollup-linux-riscv64-gnu cache-miss
999 http fetch GET 200 https://registry.npmjs.org/@types%2festree 113ms (cache miss)
1000 silly packumentCache full:https://registry.npmjs.org/@types%2festree set size:undefined disposed:false
1001 silly fetch manifest @rollup/rollup-linux-riscv64-musl@4.60.4
1002 silly packumentCache full:https://registry.npmjs.org/@rollup%2frollup-linux-riscv64-musl cache-miss
1003 http fetch GET 200 https://registry.npmjs.org/@rollup%2frollup-win32-arm64-msvc 105ms (cache miss)
1004 silly packumentCache full:https://registry.npmjs.org/@rollup%2frollup-win32-arm64-msvc set size:undefined disposed:false
1005 silly fetch manifest @rollup/rollup-linux-ppc64-gnu@4.60.4
1006 silly packumentCache full:https://registry.npmjs.org/@rollup%2frollup-linux-ppc64-gnu cache-miss
1007 http fetch GET 200 https://registry.npmjs.org/@esbuild%2flinux-mips64el 154ms (cache miss)
1008 silly packumentCache full:https://registry.npmjs.org/@esbuild%2flinux-mips64el set size:undefined disposed:false
1009 silly fetch manifest @rollup/rollup-linux-ppc64-musl@4.60.4
1010 silly packumentCache full:https://registry.npmjs.org/@rollup%2frollup-linux-ppc64-musl cache-miss
1011 http fetch GET 200 https://registry.npmjs.org/@rollup%2frollup-darwin-arm64 129ms (cache miss)
1012 silly packumentCache full:https://registry.npmjs.org/@rollup%2frollup-darwin-arm64 set size:undefined disposed:false
1013 silly fetch manifest @rollup/rollup-linux-s390x-gnu@4.60.4
1014 silly packumentCache full:https://registry.npmjs.org/@rollup%2frollup-linux-s390x-gnu cache-miss
1015 http fetch GET 200 https://registry.npmjs.org/@rollup%2frollup-freebsd-arm64 95ms (cache miss)
1016 silly packumentCache full:https://registry.npmjs.org/@rollup%2frollup-freebsd-arm64 set size:undefined disposed:false
1017 silly fetch manifest @rollup/rollup-darwin-x64@4.60.4
1018 silly packumentCache full:https://registry.npmjs.org/@rollup%2frollup-darwin-x64 cache-miss
1019 http fetch GET 200 https://registry.npmjs.org/@rollup%2frollup-android-arm64 129ms (cache miss)
1020 silly packumentCache full:https://registry.npmjs.org/@rollup%2frollup-android-arm64 set size:undefined disposed:false
1021 silly fetch manifest @rollup/rollup-win32-x64-gnu@4.60.4
1022 silly packumentCache full:https://registry.npmjs.org/@rollup%2frollup-win32-x64-gnu cache-miss
1023 http fetch GET 200 https://registry.npmjs.org/@rollup%2frollup-linux-loong64-gnu 83ms (cache miss)
1024 silly packumentCache full:https://registry.npmjs.org/@rollup%2frollup-linux-loong64-gnu set size:undefined disposed:false
1025 silly fetch manifest @rollup/rollup-win32-x64-msvc@4.60.4
1026 silly packumentCache full:https://registry.npmjs.org/@rollup%2frollup-win32-x64-msvc cache-miss
1027 http fetch GET 200 https://registry.npmjs.org/@rollup%2frollup-linux-arm-musleabihf 106ms (cache miss)
1028 silly packumentCache full:https://registry.npmjs.org/@rollup%2frollup-linux-arm-musleabihf set size:undefined disposed:false
1029 silly fetch manifest @rollup/rollup-freebsd-x64@4.60.4
1030 silly packumentCache full:https://registry.npmjs.org/@rollup%2frollup-freebsd-x64 cache-miss
1031 http fetch GET 200 https://registry.npmjs.org/@rollup%2frollup-linux-loong64-musl 91ms (cache miss)
1032 silly packumentCache full:https://registry.npmjs.org/@rollup%2frollup-linux-loong64-musl set size:undefined disposed:false
1033 silly fetch manifest @rollup/rollup-linux-x64-gnu@4.60.4
1034 silly packumentCache full:https://registry.npmjs.org/@rollup%2frollup-linux-x64-gnu cache-miss
1035 http fetch GET 200 https://registry.npmjs.org/@rollup%2frollup-linux-arm64-musl 132ms (cache miss)
1036 silly packumentCache full:https://registry.npmjs.org/@rollup%2frollup-linux-arm64-musl set size:undefined disposed:false
1037 silly fetch manifest @rollup/rollup-linux-x64-musl@4.60.4
1038 silly packumentCache full:https://registry.npmjs.org/@rollup%2frollup-linux-x64-musl cache-miss
1039 http fetch GET 200 https://registry.npmjs.org/@rollup%2frollup-linux-arm64-gnu 142ms (cache miss)
1040 silly packumentCache full:https://registry.npmjs.org/@rollup%2frollup-linux-arm64-gnu set size:undefined disposed:false
1041 silly fetch manifest @rollup/rollup-openbsd-x64@4.60.4
1042 silly packumentCache full:https://registry.npmjs.org/@rollup%2frollup-openbsd-x64 cache-miss
1043 http fetch GET 200 https://registry.npmjs.org/@rollup%2frollup-linux-arm-gnueabihf 146ms (cache miss)
1044 silly packumentCache full:https://registry.npmjs.org/@rollup%2frollup-linux-arm-gnueabihf set size:undefined disposed:false
1045 silly fetch manifest @rollup/rollup-openharmony-arm64@4.60.4
1046 silly packumentCache full:https://registry.npmjs.org/@rollup%2frollup-openharmony-arm64 cache-miss
1047 http fetch GET 200 https://registry.npmjs.org/@rollup%2frollup-android-arm-eabi 156ms (cache miss)
1048 silly packumentCache full:https://registry.npmjs.org/@rollup%2frollup-android-arm-eabi set size:undefined disposed:false
1049 http fetch GET 200 https://registry.npmjs.org/@rollup%2frollup-linux-ppc64-gnu 113ms (cache miss)
1050 silly packumentCache full:https://registry.npmjs.org/@rollup%2frollup-linux-ppc64-gnu set size:undefined disposed:false
1051 http fetch GET 200 https://registry.npmjs.org/@rollup%2frollup-win32-ia32-msvc 156ms (cache miss)
1052 silly packumentCache full:https://registry.npmjs.org/@rollup%2frollup-win32-ia32-msvc set size:undefined disposed:false
1053 http fetch GET 200 https://registry.npmjs.org/@rollup%2frollup-linux-ppc64-musl 116ms (cache miss)
1054 silly packumentCache full:https://registry.npmjs.org/@rollup%2frollup-linux-ppc64-musl set size:undefined disposed:false
1055 http fetch GET 200 https://registry.npmjs.org/@rollup%2frollup-linux-riscv64-musl 140ms (cache miss)
1056 silly packumentCache full:https://registry.npmjs.org/@rollup%2frollup-linux-riscv64-musl set size:undefined disposed:false
1057 http fetch GET 200 https://registry.npmjs.org/@rollup%2frollup-win32-x64-gnu 108ms (cache miss)
1058 silly packumentCache full:https://registry.npmjs.org/@rollup%2frollup-win32-x64-gnu set size:undefined disposed:false
1059 http fetch GET 200 https://registry.npmjs.org/@rollup%2frollup-linux-riscv64-gnu 160ms (cache miss)
1060 silly packumentCache full:https://registry.npmjs.org/@rollup%2frollup-linux-riscv64-gnu set size:undefined disposed:false
1061 http fetch GET 200 https://registry.npmjs.org/@rollup%2frollup-linux-s390x-gnu 140ms (cache miss)
1062 silly packumentCache full:https://registry.npmjs.org/@rollup%2frollup-linux-s390x-gnu set size:undefined disposed:false
1063 http fetch GET 200 https://registry.npmjs.org/@rollup%2frollup-darwin-x64 138ms (cache miss)
1064 silly packumentCache full:https://registry.npmjs.org/@rollup%2frollup-darwin-x64 set size:undefined disposed:false
1065 http fetch GET 200 https://registry.npmjs.org/@rollup%2frollup-freebsd-x64 101ms (cache miss)
1066 silly packumentCache full:https://registry.npmjs.org/@rollup%2frollup-freebsd-x64 set size:undefined disposed:false
1067 http fetch GET 200 https://registry.npmjs.org/@rollup%2frollup-win32-x64-msvc 116ms (cache miss)
1068 silly packumentCache full:https://registry.npmjs.org/@rollup%2frollup-win32-x64-msvc set size:undefined disposed:false
1069 http fetch GET 200 https://registry.npmjs.org/@rollup%2frollup-linux-x64-gnu 110ms (cache miss)
1070 silly packumentCache full:https://registry.npmjs.org/@rollup%2frollup-linux-x64-gnu set size:undefined disposed:false
1071 http fetch GET 200 https://registry.npmjs.org/@rollup%2frollup-openharmony-arm64 85ms (cache miss)
1072 silly packumentCache full:https://registry.npmjs.org/@rollup%2frollup-openharmony-arm64 set size:undefined disposed:false
1073 http fetch GET 200 https://registry.npmjs.org/@rollup%2frollup-openbsd-x64 139ms (cache miss)
1074 silly packumentCache full:https://registry.npmjs.org/@rollup%2frollup-openbsd-x64 set size:undefined disposed:false
1075 http fetch GET 200 https://registry.npmjs.org/@rollup%2frollup-linux-x64-musl 170ms (cache miss)
1076 silly packumentCache full:https://registry.npmjs.org/@rollup%2frollup-linux-x64-musl set size:undefined disposed:false
1077 silly placeDep ROOT @esbuild/aix-ppc64@0.27.7 OK for: esbuild@0.27.7 want: 0.27.7
1078 silly placeDep ROOT @esbuild/android-arm@0.27.7 OK for: esbuild@0.27.7 want: 0.27.7
1079 silly placeDep ROOT @esbuild/android-arm64@0.27.7 OK for: esbuild@0.27.7 want: 0.27.7
1080 silly placeDep ROOT @esbuild/android-x64@0.27.7 OK for: esbuild@0.27.7 want: 0.27.7
1081 silly placeDep ROOT @esbuild/darwin-arm64@0.27.7 OK for: esbuild@0.27.7 want: 0.27.7
1082 silly placeDep ROOT @esbuild/darwin-x64@0.27.7 OK for: esbuild@0.27.7 want: 0.27.7
1083 silly placeDep ROOT @esbuild/freebsd-arm64@0.27.7 OK for: esbuild@0.27.7 want: 0.27.7
1084 silly placeDep ROOT @esbuild/freebsd-x64@0.27.7 OK for: esbuild@0.27.7 want: 0.27.7
1085 silly placeDep ROOT @esbuild/linux-arm@0.27.7 OK for: esbuild@0.27.7 want: 0.27.7
1086 silly placeDep ROOT @esbuild/linux-arm64@0.27.7 OK for: esbuild@0.27.7 want: 0.27.7
1087 silly placeDep ROOT @esbuild/linux-ia32@0.27.7 OK for: esbuild@0.27.7 want: 0.27.7
1088 silly placeDep ROOT @esbuild/linux-loong64@0.27.7 OK for: esbuild@0.27.7 want: 0.27.7
1089 silly placeDep ROOT @esbuild/linux-mips64el@0.27.7 OK for: esbuild@0.27.7 want: 0.27.7
1090 silly placeDep ROOT @esbuild/linux-ppc64@0.27.7 OK for: esbuild@0.27.7 want: 0.27.7
1091 silly placeDep ROOT @esbuild/linux-riscv64@0.27.7 OK for: esbuild@0.27.7 want: 0.27.7
1092 silly placeDep ROOT @esbuild/linux-s390x@0.27.7 OK for: esbuild@0.27.7 want: 0.27.7
1093 silly placeDep ROOT @esbuild/linux-x64@0.27.7 OK for: esbuild@0.27.7 want: 0.27.7
1094 silly placeDep ROOT @esbuild/netbsd-arm64@0.27.7 OK for: esbuild@0.27.7 want: 0.27.7
1095 silly placeDep ROOT @esbuild/netbsd-x64@0.27.7 OK for: esbuild@0.27.7 want: 0.27.7
1096 silly placeDep ROOT @esbuild/openbsd-arm64@0.27.7 OK for: esbuild@0.27.7 want: 0.27.7
1097 silly placeDep ROOT @esbuild/openbsd-x64@0.27.7 OK for: esbuild@0.27.7 want: 0.27.7
1098 silly placeDep ROOT @esbuild/openharmony-arm64@0.27.7 OK for: esbuild@0.27.7 want: 0.27.7
1099 silly placeDep ROOT @esbuild/sunos-x64@0.27.7 OK for: esbuild@0.27.7 want: 0.27.7
1100 silly placeDep ROOT @esbuild/win32-arm64@0.27.7 OK for: esbuild@0.27.7 want: 0.27.7
1101 silly placeDep ROOT @esbuild/win32-ia32@0.27.7 OK for: esbuild@0.27.7 want: 0.27.7
1102 silly placeDep ROOT @esbuild/win32-x64@0.27.7 OK for: esbuild@0.27.7 want: 0.27.7
1103 silly placeDep ROOT nanoid@3.3.12 OK for: postcss@8.5.15 want: ^3.3.12
1104 silly placeDep ROOT source-map-js@1.2.1 OK for: postcss@8.5.15 want: ^1.2.1
1105 silly placeDep ROOT @rollup/rollup-android-arm-eabi@4.60.4 OK for: rollup@4.60.4 want: 4.60.4
1106 silly placeDep ROOT @rollup/rollup-android-arm64@4.60.4 OK for: rollup@4.60.4 want: 4.60.4
1107 silly placeDep ROOT @rollup/rollup-darwin-arm64@4.60.4 OK for: rollup@4.60.4 want: 4.60.4
1108 silly placeDep ROOT @rollup/rollup-darwin-x64@4.60.4 OK for: rollup@4.60.4 want: 4.60.4
1109 silly placeDep ROOT @rollup/rollup-freebsd-arm64@4.60.4 OK for: rollup@4.60.4 want: 4.60.4
1110 silly placeDep ROOT @rollup/rollup-freebsd-x64@4.60.4 OK for: rollup@4.60.4 want: 4.60.4
1111 silly placeDep ROOT @rollup/rollup-linux-arm-gnueabihf@4.60.4 OK for: rollup@4.60.4 want: 4.60.4
1112 silly placeDep ROOT @rollup/rollup-linux-arm-musleabihf@4.60.4 OK for: rollup@4.60.4 want: 4.60.4
1113 silly placeDep ROOT @rollup/rollup-linux-arm64-gnu@4.60.4 OK for: rollup@4.60.4 want: 4.60.4
1114 silly placeDep ROOT @rollup/rollup-linux-arm64-musl@4.60.4 OK for: rollup@4.60.4 want: 4.60.4
1115 silly placeDep ROOT @rollup/rollup-linux-loong64-gnu@4.60.4 OK for: rollup@4.60.4 want: 4.60.4
1116 silly placeDep ROOT @rollup/rollup-linux-loong64-musl@4.60.4 OK for: rollup@4.60.4 want: 4.60.4
1117 silly placeDep ROOT @rollup/rollup-linux-ppc64-gnu@4.60.4 OK for: rollup@4.60.4 want: 4.60.4
1118 silly placeDep ROOT @rollup/rollup-linux-ppc64-musl@4.60.4 OK for: rollup@4.60.4 want: 4.60.4
1119 silly placeDep ROOT @rollup/rollup-linux-riscv64-gnu@4.60.4 OK for: rollup@4.60.4 want: 4.60.4
1120 silly placeDep ROOT @rollup/rollup-linux-riscv64-musl@4.60.4 OK for: rollup@4.60.4 want: 4.60.4
1121 silly placeDep ROOT @rollup/rollup-linux-s390x-gnu@4.60.4 OK for: rollup@4.60.4 want: 4.60.4
1122 silly placeDep ROOT @rollup/rollup-linux-x64-gnu@4.60.4 OK for: rollup@4.60.4 want: 4.60.4
1123 silly placeDep ROOT @rollup/rollup-linux-x64-musl@4.60.4 OK for: rollup@4.60.4 want: 4.60.4
1124 silly placeDep ROOT @rollup/rollup-openbsd-x64@4.60.4 OK for: rollup@4.60.4 want: 4.60.4
1125 silly placeDep ROOT @rollup/rollup-openharmony-arm64@4.60.4 OK for: rollup@4.60.4 want: 4.60.4
1126 silly placeDep ROOT @rollup/rollup-win32-arm64-msvc@4.60.4 OK for: rollup@4.60.4 want: 4.60.4
1127 silly placeDep ROOT @rollup/rollup-win32-ia32-msvc@4.60.4 OK for: rollup@4.60.4 want: 4.60.4
1128 silly placeDep ROOT @rollup/rollup-win32-x64-gnu@4.60.4 OK for: rollup@4.60.4 want: 4.60.4
1129 silly placeDep ROOT @rollup/rollup-win32-x64-msvc@4.60.4 OK for: rollup@4.60.4 want: 4.60.4
1130 silly placeDep ROOT @types/estree@1.0.8 OK for: rollup@4.60.4 want: 1.0.8
1131 silly placeDep ROOT cliui@8.0.1 OK for: yargs@17.7.2 want: ^8.0.1
1132 silly placeDep ROOT get-caller-file@2.0.5 OK for: yargs@17.7.2 want: ^2.0.5
1133 silly placeDep ROOT require-directory@2.1.1 OK for: yargs@17.7.2 want: ^2.1.1
1134 silly placeDep ROOT string-width@4.2.3 OK for: yargs@17.7.2 want: ^4.2.3
1135 silly placeDep ROOT y18n@5.0.8 OK for: yargs@17.7.2 want: ^5.0.5
1136 silly placeDep ROOT yargs-parser@21.1.1 OK for: yargs@17.7.2 want: ^21.1.1
1137 silly fetch manifest wrap-ansi@^7.0.0
1138 silly packumentCache full:https://registry.npmjs.org/wrap-ansi cache-miss
1139 silly fetch manifest strip-ansi@^6.0.1
1140 silly packumentCache full:https://registry.npmjs.org/strip-ansi cache-miss
1141 silly fetch manifest string-width@^4.2.0
1142 silly packumentCache full:https://registry.npmjs.org/string-width cache-miss
1143 silly fetch manifest strip-ansi@^6.0.1
1144 silly packumentCache full:https://registry.npmjs.org/strip-ansi cache-miss
1145 silly fetch manifest emoji-regex@^8.0.0
1146 silly packumentCache full:https://registry.npmjs.org/emoji-regex cache-miss
1147 silly fetch manifest is-fullwidth-code-point@^3.0.0
1148 silly packumentCache full:https://registry.npmjs.org/is-fullwidth-code-point cache-miss
1149 http cache https://registry.npmjs.org/string-width 10ms (cache hit)
1150 silly packumentCache full:https://registry.npmjs.org/string-width set size:70381 disposed:false
1151 http fetch GET 200 https://registry.npmjs.org/wrap-ansi 52ms (cache miss)
1152 silly packumentCache full:https://registry.npmjs.org/wrap-ansi set size:undefined disposed:false
1153 http fetch GET 200 https://registry.npmjs.org/strip-ansi 54ms (cache miss)
1154 silly packumentCache full:https://registry.npmjs.org/strip-ansi set size:undefined disposed:false
1155 http fetch GET 200 https://registry.npmjs.org/strip-ansi 55ms (cache miss)
1156 silly packumentCache full:https://registry.npmjs.org/strip-ansi set size:undefined disposed:false
1157 http fetch GET 200 https://registry.npmjs.org/is-fullwidth-code-point 62ms (cache miss)
1158 silly packumentCache full:https://registry.npmjs.org/is-fullwidth-code-point set size:undefined disposed:false
1159 http fetch GET 200 https://registry.npmjs.org/emoji-regex 69ms (cache miss)
1160 silly packumentCache full:https://registry.npmjs.org/emoji-regex set size:undefined disposed:false
1161 silly placeDep ROOT strip-ansi@6.0.1 OK for: cliui@8.0.1 want: ^6.0.1
1162 silly placeDep ROOT wrap-ansi@7.0.0 OK for: cliui@8.0.1 want: ^7.0.0
1163 silly fetch manifest ansi-regex@^5.0.1
1164 silly packumentCache full:https://registry.npmjs.org/ansi-regex cache-miss
1165 http fetch GET 200 https://registry.npmjs.org/ansi-regex 52ms (cache miss)
1166 silly packumentCache full:https://registry.npmjs.org/ansi-regex set size:undefined disposed:false
1167 silly placeDep ROOT emoji-regex@8.0.0 OK for: string-width@4.2.3 want: ^8.0.0
1168 silly placeDep ROOT is-fullwidth-code-point@3.0.0 OK for: string-width@4.2.3 want: ^3.0.0
1169 silly placeDep ROOT ansi-regex@5.0.1 OK for: strip-ansi@6.0.1 want: ^5.0.1
1170 silly reify moves {}
1171 silly audit bulk request {
1171 silly audit   '@vitejs/plugin-react': [ '5.2.0' ],
1171 silly audit   vite: [ '7.3.3' ],
1171 silly audit   concurrently: [ '9.2.1' ],
1171 silly audit   express: [ '5.2.1' ],
1171 silly audit   'lucide-react': [ '0.561.0' ],
1171 silly audit   react: [ '19.2.6' ],
1171 silly audit   'react-dom': [ '19.2.6' ],
1171 silly audit   '@babel/core': [ '7.29.0' ],
1171 silly audit   '@babel/plugin-transform-react-jsx-self': [ '7.27.1' ],
1171 silly audit   '@babel/plugin-transform-react-jsx-source': [ '7.27.1' ],
1171 silly audit   '@rolldown/pluginutils': [ '1.0.0-rc.3' ],
1171 silly audit   '@types/babel__core': [ '7.20.5' ],
1171 silly audit   'react-refresh': [ '0.18.0' ],
1171 silly audit   '@babel/code-frame': [ '7.29.0' ],
1171 silly audit   '@babel/generator': [ '7.29.1' ],
1171 silly audit   '@babel/helper-compilation-targets': [ '7.28.6' ],
1171 silly audit   '@babel/helper-module-transforms': [ '7.28.6' ],
1171 silly audit   '@babel/helpers': [ '7.29.2' ],
1171 silly audit   '@babel/parser': [ '7.29.3' ],
1171 silly audit   '@babel/template': [ '7.28.6' ],
1171 silly audit   '@babel/traverse': [ '7.29.0' ],
1171 silly audit   '@babel/types': [ '7.29.0' ],
1171 silly audit   '@jridgewell/remapping': [ '2.3.5' ],
1171 silly audit   'convert-source-map': [ '2.0.0' ],
1171 silly audit   debug: [ '4.4.3' ],
1171 silly audit   gensync: [ '1.0.0-beta.2' ],
1171 silly audit   json5: [ '2.2.3' ],
1171 silly audit   semver: [ '6.3.1' ],
1171 silly audit   '@babel/helper-validator-identifier': [ '7.28.5' ],
1171 silly audit   'js-tokens': [ '4.0.0' ],
1171 silly audit   picocolors: [ '1.1.1' ],
1171 silly audit   '@jridgewell/gen-mapping': [ '0.3.13' ],
1171 silly audit   '@jridgewell/trace-mapping': [ '0.3.31' ],
1171 silly audit   jsesc: [ '3.1.0' ],
1171 silly audit   '@babel/compat-data': [ '7.29.3' ],
1171 silly audit   '@babel/helper-validator-option': [ '7.27.1' ],
1171 silly audit   browserslist: [ '4.28.2' ],
1171 silly audit   'lru-cache': [ '5.1.1' ],
1171 silly audit   '@babel/helper-module-imports': [ '7.28.6' ],
1171 silly audit   '@babel/helper-plugin-utils': [ '7.28.6' ],
1171 silly audit   '@babel/helper-globals': [ '7.28.0' ],
1171 silly audit   '@babel/helper-string-parser': [ '7.27.1' ],
1171 silly audit   '@jridgewell/sourcemap-codec': [ '1.5.5' ],
1171 silly audit   '@jridgewell/resolve-uri': [ '3.1.2' ],
1171 silly audit   '@types/babel__generator': [ '7.27.0' ],
1171 silly audit   '@types/babel__template': [ '7.4.4' ],
1171 silly audit   '@types/babel__traverse': [ '7.28.0' ],
1171 silly audit   'baseline-browser-mapping': [ '2.10.31' ],
1171 silly audit   'caniuse-lite': [ '1.0.30001793' ],
1171 silly audit   'electron-to-chromium': [ '1.5.359' ],
1171 silly audit   'node-releases': [ '2.0.44' ],
1171 silly audit   'update-browserslist-db': [ '1.2.3' ],
1171 silly audit   chalk: [ '4.1.2' ],
1171 silly audit   rxjs: [ '7.8.2' ],
1171 silly audit   'shell-quote': [ '1.8.3' ],
1171 silly audit   'supports-color': [ '8.1.1', '7.2.0' ],
1171 silly audit   'tree-kill': [ '1.2.2' ],
1171 silly audit   yargs: [ '17.7.2' ],
1171 silly audit   'ansi-styles': [ '4.3.0' ],
1171 silly audit   'color-convert': [ '2.0.1' ],
1171 silly audit   'color-name': [ '1.1.4' ],
1171 silly audit   ms: [ '2.1.3' ],
1171 silly audit   accepts: [ '2.0.0' ],
1171 silly audit   'body-parser': [ '2.2.2' ],
1171 silly audit   'content-disposition': [ '1.1.0' ],
1171 silly audit   'content-type': [ '1.0.5', '2.0.0' ],
1171 silly audit   cookie: [ '0.7.2' ],
1171 silly audit   'cookie-signature': [ '1.2.2' ],
1171 silly audit   depd: [ '2.0.0' ],
1171 silly audit   encodeurl: [ '2.0.0' ],
1171 silly audit   'escape-html': [ '1.0.3' ],
1171 silly audit   etag: [ '1.8.1' ],
1171 silly audit   finalhandler: [ '2.1.1' ],
1171 silly audit   fresh: [ '2.0.0' ],
1171 silly audit   'http-errors': [ '2.0.1' ],
1171 silly audit   'merge-descriptors': [ '2.0.0' ],
1171 silly audit   'mime-types': [ '3.0.2' ],
1171 silly audit   'on-finished': [ '2.4.1' ],
1171 silly audit   once: [ '1.4.0' ],
1171 silly audit   parseurl: [ '1.3.3' ],
1171 silly audit   'proxy-addr': [ '2.0.7' ],
1171 silly audit   qs: [ '6.15.2' ],
1171 silly audit   'range-parser': [ '1.2.1' ],
1171 silly audit   router: [ '2.2.0' ],
1171 silly audit   send: [ '1.2.1' ],
1171 silly audit   'serve-static': [ '2.2.1' ],
1171 silly audit   statuses: [ '2.0.2' ],
1171 silly audit   'type-is': [ '2.1.0' ],
1171 silly audit   vary: [ '1.1.2' ],
1171 silly audit   negotiator: [ '1.0.0' ],
1171 silly audit   bytes: [ '3.1.2' ],
1171 silly audit   'iconv-lite': [ '0.7.2' ],
1171 silly audit   'raw-body': [ '3.0.2' ],
1171 silly audit   inherits: [ '2.0.4' ],
1171 silly audit   setprototypeof: [ '1.2.0' ],
1171 silly audit   toidentifier: [ '1.0.1' ],
1171 silly audit   'safer-buffer': [ '2.1.2' ],
1171 silly audit   yallist: [ '3.1.1' ],
1171 silly audit   'mime-db': [ '1.54.0' ],
1171 silly audit   'ee-first': [ '1.1.1' ],
1171 silly audit   wrappy: [ '1.0.2' ],
1171 silly audit   forwarded: [ '0.2.0' ],
1171 silly audit   'ipaddr.js': [ '1.9.1' ],
1171 silly audit   'side-channel': [ '1.1.0' ],
1171 silly audit   unpipe: [ '1.0.0' ],
1171 silly audit   scheduler: [ '0.27.0' ],
1171 silly audit   'is-promise': [ '4.0.0' ],
1171 silly audit   'path-to-regexp': [ '8.4.2' ],
1171 silly audit   tslib: [ '2.8.1' ],
1171 silly audit   'es-errors': [ '1.3.0' ],
1171 silly audit   'object-inspect': [ '1.13.4' ],
1171 silly audit   'side-channel-list': [ '1.0.1' ],
1171 silly audit   'side-channel-map': [ '1.0.1' ],
1171 silly audit   'side-channel-weakmap': [ '1.0.2' ],
1171 silly audit   'call-bound': [ '1.0.4' ],
1171 silly audit   'get-intrinsic': [ '1.3.0' ],
1171 silly audit   'call-bind-apply-helpers': [ '1.0.2' ],
1171 silly audit   'function-bind': [ '1.1.2' ],
1171 silly audit   'es-define-property': [ '1.0.1' ],
1171 silly audit   'es-object-atoms': [ '1.1.1' ],
1171 silly audit   'get-proto': [ '1.0.1' ],
1171 silly audit   gopd: [ '1.2.0' ],
1171 silly audit   'has-symbols': [ '1.1.0' ],
1171 silly audit   hasown: [ '2.0.3' ],
1171 silly audit   'math-intrinsics': [ '1.1.0' ],
1171 silly audit   'dunder-proto': [ '1.0.1' ],
1171 silly audit   'has-flag': [ '4.0.0' ],
1171 silly audit   'media-typer': [ '1.1.0' ],
1171 silly audit   escalade: [ '3.2.0' ],
1171 silly audit   esbuild: [ '0.27.7' ],
1171 silly audit   fdir: [ '6.5.0' ],
1171 silly audit   fsevents: [ '2.3.3' ],
1171 silly audit   picomatch: [ '4.0.4' ],
1171 silly audit   postcss: [ '8.5.15' ],
1171 silly audit   rollup: [ '4.60.4' ],
1171 silly audit   tinyglobby: [ '0.2.16' ],
1171 silly audit   '@esbuild/aix-ppc64': [ '0.27.7' ],
1171 silly audit   '@esbuild/android-arm': [ '0.27.7' ],
1171 silly audit   '@esbuild/android-arm64': [ '0.27.7' ],
1171 silly audit   '@esbuild/android-x64': [ '0.27.7' ],
1171 silly audit   '@esbuild/darwin-arm64': [ '0.27.7' ],
1171 silly audit   '@esbuild/darwin-x64': [ '0.27.7' ],
1171 silly audit   '@esbuild/freebsd-arm64': [ '0.27.7' ],
1171 silly audit   '@esbuild/freebsd-x64': [ '0.27.7' ],
1171 silly audit   '@esbuild/linux-arm': [ '0.27.7' ],
1171 silly audit   '@esbuild/linux-arm64': [ '0.27.7' ],
1171 silly audit   '@esbuild/linux-ia32': [ '0.27.7' ],
1171 silly audit   '@esbuild/linux-loong64': [ '0.27.7' ],
1171 silly audit   '@esbuild/linux-mips64el': [ '0.27.7' ],
1171 silly audit   '@esbuild/linux-ppc64': [ '0.27.7' ],
1171 silly audit   '@esbuild/linux-riscv64': [ '0.27.7' ],
1171 silly audit   '@esbuild/linux-s390x': [ '0.27.7' ],
1171 silly audit   '@esbuild/linux-x64': [ '0.27.7' ],
1171 silly audit   '@esbuild/netbsd-arm64': [ '0.27.7' ],
1171 silly audit   '@esbuild/netbsd-x64': [ '0.27.7' ],
1171 silly audit   '@esbuild/openbsd-arm64': [ '0.27.7' ],
1171 silly audit   '@esbuild/openbsd-x64': [ '0.27.7' ],
1171 silly audit   '@esbuild/openharmony-arm64': [ '0.27.7' ],
1171 silly audit   '@esbuild/sunos-x64': [ '0.27.7' ],
1171 silly audit   '@esbuild/win32-arm64': [ '0.27.7' ],
1171 silly audit   '@esbuild/win32-ia32': [ '0.27.7' ],
1171 silly audit   '@esbuild/win32-x64': [ '0.27.7' ],
1171 silly audit   nanoid: [ '3.3.12' ],
1171 silly audit   'source-map-js': [ '1.2.1' ],
1171 silly audit   '@rollup/rollup-android-arm-eabi': [ '4.60.4' ],
1171 silly audit   '@rollup/rollup-android-arm64': [ '4.60.4' ],
1171 silly audit   '@rollup/rollup-darwin-arm64': [ '4.60.4' ],
1171 silly audit   '@rollup/rollup-darwin-x64': [ '4.60.4' ],
1171 silly audit   '@rollup/rollup-freebsd-arm64': [ '4.60.4' ],
1171 silly audit   '@rollup/rollup-freebsd-x64': [ '4.60.4' ],
1171 silly audit   '@rollup/rollup-linux-arm-gnueabihf': [ '4.60.4' ],
1171 silly audit   '@rollup/rollup-linux-arm-musleabihf': [ '4.60.4' ],
1171 silly audit   '@rollup/rollup-linux-arm64-gnu': [ '4.60.4' ],
1171 silly audit   '@rollup/rollup-linux-arm64-musl': [ '4.60.4' ],
1171 silly audit   '@rollup/rollup-linux-loong64-gnu': [ '4.60.4' ],
1171 silly audit   '@rollup/rollup-linux-loong64-musl': [ '4.60.4' ],
1171 silly audit   '@rollup/rollup-linux-ppc64-gnu': [ '4.60.4' ],
1171 silly audit   '@rollup/rollup-linux-ppc64-musl': [ '4.60.4' ],
1171 silly audit   '@rollup/rollup-linux-riscv64-gnu': [ '4.60.4' ],
1171 silly audit   '@rollup/rollup-linux-riscv64-musl': [ '4.60.4' ],
1171 silly audit   '@rollup/rollup-linux-s390x-gnu': [ '4.60.4' ],
1171 silly audit   '@rollup/rollup-linux-x64-gnu': [ '4.60.4' ],
1171 silly audit   '@rollup/rollup-linux-x64-musl': [ '4.60.4' ],
1171 silly audit   '@rollup/rollup-openbsd-x64': [ '4.60.4' ],
1171 silly audit   '@rollup/rollup-openharmony-arm64': [ '4.60.4' ],
1171 silly audit   '@rollup/rollup-win32-arm64-msvc': [ '4.60.4' ],
1171 silly audit   '@rollup/rollup-win32-ia32-msvc': [ '4.60.4' ],
1171 silly audit   '@rollup/rollup-win32-x64-gnu': [ '4.60.4' ],
1171 silly audit   '@rollup/rollup-win32-x64-msvc': [ '4.60.4' ],
1171 silly audit   '@types/estree': [ '1.0.8' ],
1171 silly audit   cliui: [ '8.0.1' ],
1171 silly audit   'get-caller-file': [ '2.0.5' ],
1171 silly audit   'require-directory': [ '2.1.1' ],
1171 silly audit   'string-width': [ '4.2.3' ],
1171 silly audit   y18n: [ '5.0.8' ],
1171 silly audit   'yargs-parser': [ '21.1.1' ],
1171 silly audit   'strip-ansi': [ '6.0.1' ],
1171 silly audit   'wrap-ansi': [ '7.0.0' ],
1171 silly audit   'emoji-regex': [ '8.0.0' ],
1171 silly audit   'is-fullwidth-code-point': [ '3.0.0' ],
1171 silly audit   'ansi-regex': [ '5.0.1' ]
1171 silly audit }
1172 http cache ansi-regex@https://registry.npmjs.org/ansi-regex/-/ansi-regex-5.0.1.tgz 0ms (cache hit)
1173 http cache emoji-regex@https://registry.npmjs.org/emoji-regex/-/emoji-regex-8.0.0.tgz 0ms (cache hit)
1174 http cache is-fullwidth-code-point@https://registry.npmjs.org/is-fullwidth-code-point/-/is-fullwidth-code-point-3.0.0.tgz 0ms (cache hit)
1175 http cache strip-ansi@https://registry.npmjs.org/strip-ansi/-/strip-ansi-6.0.1.tgz 0ms (cache hit)
1176 http cache wrap-ansi@https://registry.npmjs.org/wrap-ansi/-/wrap-ansi-7.0.0.tgz 0ms (cache hit)
1177 http cache string-width@https://registry.npmjs.org/string-width/-/string-width-4.2.3.tgz 0ms (cache hit)
1178 http cache y18n@https://registry.npmjs.org/y18n/-/y18n-5.0.8.tgz 0ms (cache hit)
1179 http cache yargs-parser@https://registry.npmjs.org/yargs-parser/-/yargs-parser-21.1.1.tgz 0ms (cache hit)
1180 http cache @types/estree@https://registry.npmjs.org/@types/estree/-/estree-1.0.8.tgz 0ms (cache hit)
1181 http cache require-directory@https://registry.npmjs.org/require-directory/-/require-directory-2.1.1.tgz 0ms (cache hit)
1182 http cache get-caller-file@https://registry.npmjs.org/get-caller-file/-/get-caller-file-2.0.5.tgz 0ms (cache hit)
1183 http cache cliui@https://registry.npmjs.org/cliui/-/cliui-8.0.1.tgz 0ms (cache hit)
1184 http cache @rollup/rollup-win32-x64-msvc@https://registry.npmjs.org/@rollup/rollup-win32-x64-msvc/-/rollup-win32-x64-msvc-4.60.4.tgz 0ms (cache hit)
1185 http cache source-map-js@https://registry.npmjs.org/source-map-js/-/source-map-js-1.2.1.tgz 0ms (cache hit)
1186 http cache nanoid@https://registry.npmjs.org/nanoid/-/nanoid-3.3.12.tgz 0ms (cache hit)
1187 http cache @rollup/rollup-win32-x64-gnu@https://registry.npmjs.org/@rollup/rollup-win32-x64-gnu/-/rollup-win32-x64-gnu-4.60.4.tgz 0ms (cache hit)
1188 http cache @esbuild/win32-x64@https://registry.npmjs.org/@esbuild/win32-x64/-/win32-x64-0.27.7.tgz 0ms (cache hit)
1189 http cache rollup@https://registry.npmjs.org/rollup/-/rollup-4.60.4.tgz 0ms (cache hit)
1190 http cache tinyglobby@https://registry.npmjs.org/tinyglobby/-/tinyglobby-0.2.16.tgz 0ms (cache hit)
1191 http cache esbuild@https://registry.npmjs.org/esbuild/-/esbuild-0.27.7.tgz 0ms (cache hit)
1192 http cache postcss@https://registry.npmjs.org/postcss/-/postcss-8.5.15.tgz 0ms (cache hit)
1193 http cache fdir@https://registry.npmjs.org/fdir/-/fdir-6.5.0.tgz 0ms (cache hit)
1194 http cache media-typer@https://registry.npmjs.org/media-typer/-/media-typer-1.1.0.tgz 0ms (cache hit)
1195 http cache dunder-proto@https://registry.npmjs.org/dunder-proto/-/dunder-proto-1.0.1.tgz 0ms (cache hit)
1196 http cache escalade@https://registry.npmjs.org/escalade/-/escalade-3.2.0.tgz 0ms (cache hit)
1197 http cache picomatch@https://registry.npmjs.org/picomatch/-/picomatch-4.0.4.tgz 0ms (cache hit)
1198 http cache has-flag@https://registry.npmjs.org/has-flag/-/has-flag-4.0.0.tgz 0ms (cache hit)
1199 http cache math-intrinsics@https://registry.npmjs.org/math-intrinsics/-/math-intrinsics-1.1.0.tgz 0ms (cache hit)
1200 http cache gopd@https://registry.npmjs.org/gopd/-/gopd-1.2.0.tgz 0ms (cache hit)
1201 http cache has-symbols@https://registry.npmjs.org/has-symbols/-/has-symbols-1.1.0.tgz 0ms (cache hit)
1202 http cache hasown@https://registry.npmjs.org/hasown/-/hasown-2.0.3.tgz 0ms (cache hit)
1203 http cache es-object-atoms@https://registry.npmjs.org/es-object-atoms/-/es-object-atoms-1.1.1.tgz 0ms (cache hit)
1204 http cache get-proto@https://registry.npmjs.org/get-proto/-/get-proto-1.0.1.tgz 0ms (cache hit)
1205 http cache function-bind@https://registry.npmjs.org/function-bind/-/function-bind-1.1.2.tgz 0ms (cache hit)
1206 http cache call-bind-apply-helpers@https://registry.npmjs.org/call-bind-apply-helpers/-/call-bind-apply-helpers-1.0.2.tgz 0ms (cache hit)
1207 http cache es-define-property@https://registry.npmjs.org/es-define-property/-/es-define-property-1.0.1.tgz 0ms (cache hit)
1208 http cache get-intrinsic@https://registry.npmjs.org/get-intrinsic/-/get-intrinsic-1.3.0.tgz 0ms (cache hit)
1209 http cache call-bound@https://registry.npmjs.org/call-bound/-/call-bound-1.0.4.tgz 0ms (cache hit)
1210 http cache side-channel-map@https://registry.npmjs.org/side-channel-map/-/side-channel-map-1.0.1.tgz 0ms (cache hit)
1211 http cache object-inspect@https://registry.npmjs.org/object-inspect/-/object-inspect-1.13.4.tgz 0ms (cache hit)
1212 http cache side-channel-list@https://registry.npmjs.org/side-channel-list/-/side-channel-list-1.0.1.tgz 0ms (cache hit)
1213 http cache tslib@https://registry.npmjs.org/tslib/-/tslib-2.8.1.tgz 0ms (cache hit)
1214 http cache es-errors@https://registry.npmjs.org/es-errors/-/es-errors-1.3.0.tgz 0ms (cache hit)
1215 http cache side-channel-weakmap@https://registry.npmjs.org/side-channel-weakmap/-/side-channel-weakmap-1.0.2.tgz 0ms (cache hit)
1216 http cache path-to-regexp@https://registry.npmjs.org/path-to-regexp/-/path-to-regexp-8.4.2.tgz 0ms (cache hit)
1217 http cache scheduler@https://registry.npmjs.org/scheduler/-/scheduler-0.27.0.tgz 0ms (cache hit)
1218 http cache unpipe@https://registry.npmjs.org/unpipe/-/unpipe-1.0.0.tgz 0ms (cache hit)
1219 http cache side-channel@https://registry.npmjs.org/side-channel/-/side-channel-1.1.0.tgz 0ms (cache hit)
1220 http cache ipaddr.js@https://registry.npmjs.org/ipaddr.js/-/ipaddr.js-1.9.1.tgz 0ms (cache hit)
1221 http cache forwarded@https://registry.npmjs.org/forwarded/-/forwarded-0.2.0.tgz 0ms (cache hit)
1222 http cache wrappy@https://registry.npmjs.org/wrappy/-/wrappy-1.0.2.tgz 0ms (cache hit)
1223 http cache is-promise@https://registry.npmjs.org/is-promise/-/is-promise-4.0.0.tgz 0ms (cache hit)
1224 http cache mime-db@https://registry.npmjs.org/mime-db/-/mime-db-1.54.0.tgz 0ms (cache hit)
1225 http cache safer-buffer@https://registry.npmjs.org/safer-buffer/-/safer-buffer-2.1.2.tgz 0ms (cache hit)
1226 http cache toidentifier@https://registry.npmjs.org/toidentifier/-/toidentifier-1.0.1.tgz 0ms (cache hit)
1227 http cache ee-first@https://registry.npmjs.org/ee-first/-/ee-first-1.1.1.tgz 0ms (cache hit)
1228 http cache inherits@https://registry.npmjs.org/inherits/-/inherits-2.0.4.tgz 0ms (cache hit)
1229 http cache yallist@https://registry.npmjs.org/yallist/-/yallist-3.1.1.tgz 0ms (cache hit)
1230 http cache raw-body@https://registry.npmjs.org/raw-body/-/raw-body-3.0.2.tgz 0ms (cache hit)
1231 http cache setprototypeof@https://registry.npmjs.org/setprototypeof/-/setprototypeof-1.2.0.tgz 0ms (cache hit)
1232 http cache bytes@https://registry.npmjs.org/bytes/-/bytes-3.1.2.tgz 0ms (cache hit)
1233 http cache negotiator@https://registry.npmjs.org/negotiator/-/negotiator-1.0.0.tgz 0ms (cache hit)
1234 http cache vary@https://registry.npmjs.org/vary/-/vary-1.1.2.tgz 0ms (cache hit)
1235 http cache type-is@https://registry.npmjs.org/type-is/-/type-is-2.1.0.tgz 0ms (cache hit)
1236 http cache statuses@https://registry.npmjs.org/statuses/-/statuses-2.0.2.tgz 0ms (cache hit)
1237 http cache iconv-lite@https://registry.npmjs.org/iconv-lite/-/iconv-lite-0.7.2.tgz 0ms (cache hit)
1238 http cache send@https://registry.npmjs.org/send/-/send-1.2.1.tgz 0ms (cache hit)
1239 http cache serve-static@https://registry.npmjs.org/serve-static/-/serve-static-2.2.1.tgz 0ms (cache hit)
1240 http cache qs@https://registry.npmjs.org/qs/-/qs-6.15.2.tgz 0ms (cache hit)
1241 http cache router@https://registry.npmjs.org/router/-/router-2.2.0.tgz 0ms (cache hit)
1242 http cache proxy-addr@https://registry.npmjs.org/proxy-addr/-/proxy-addr-2.0.7.tgz 0ms (cache hit)
1243 http cache range-parser@https://registry.npmjs.org/range-parser/-/range-parser-1.2.1.tgz 0ms (cache hit)
1244 http cache parseurl@https://registry.npmjs.org/parseurl/-/parseurl-1.3.3.tgz 0ms (cache hit)
1245 http cache once@https://registry.npmjs.org/once/-/once-1.4.0.tgz 0ms (cache hit)
1246 http cache mime-types@https://registry.npmjs.org/mime-types/-/mime-types-3.0.2.tgz 0ms (cache hit)
1247 http cache merge-descriptors@https://registry.npmjs.org/merge-descriptors/-/merge-descriptors-2.0.0.tgz 0ms (cache hit)
1248 http cache http-errors@https://registry.npmjs.org/http-errors/-/http-errors-2.0.1.tgz 0ms (cache hit)
1249 http cache on-finished@https://registry.npmjs.org/on-finished/-/on-finished-2.4.1.tgz 0ms (cache hit)
1250 http cache finalhandler@https://registry.npmjs.org/finalhandler/-/finalhandler-2.1.1.tgz 0ms (cache hit)
1251 http cache fresh@https://registry.npmjs.org/fresh/-/fresh-2.0.0.tgz 0ms (cache hit)
1252 http cache etag@https://registry.npmjs.org/etag/-/etag-1.8.1.tgz 0ms (cache hit)
1253 http cache encodeurl@https://registry.npmjs.org/encodeurl/-/encodeurl-2.0.0.tgz 0ms (cache hit)
1254 http cache escape-html@https://registry.npmjs.org/escape-html/-/escape-html-1.0.3.tgz 0ms (cache hit)
1255 http cache depd@https://registry.npmjs.org/depd/-/depd-2.0.0.tgz 0ms (cache hit)
1256 http cache cookie-signature@https://registry.npmjs.org/cookie-signature/-/cookie-signature-1.2.2.tgz 0ms (cache hit)
1257 http cache cookie@https://registry.npmjs.org/cookie/-/cookie-0.7.2.tgz 0ms (cache hit)
1258 http cache content-type@https://registry.npmjs.org/content-type/-/content-type-1.0.5.tgz 0ms (cache hit)
1259 http cache body-parser@https://registry.npmjs.org/body-parser/-/body-parser-2.2.2.tgz 0ms (cache hit)
1260 http cache accepts@https://registry.npmjs.org/accepts/-/accepts-2.0.0.tgz 0ms (cache hit)
1261 http cache content-disposition@https://registry.npmjs.org/content-disposition/-/content-disposition-1.1.0.tgz 0ms (cache hit)
1262 http cache ms@https://registry.npmjs.org/ms/-/ms-2.1.3.tgz 0ms (cache hit)
1263 http cache color-convert@https://registry.npmjs.org/color-convert/-/color-convert-2.0.1.tgz 0ms (cache hit)
1264 http cache color-name@https://registry.npmjs.org/color-name/-/color-name-1.1.4.tgz 0ms (cache hit)
1265 http cache yargs@https://registry.npmjs.org/yargs/-/yargs-17.7.2.tgz 0ms (cache hit)
1266 http cache ansi-styles@https://registry.npmjs.org/ansi-styles/-/ansi-styles-4.3.0.tgz 0ms (cache hit)
1267 http cache tree-kill@https://registry.npmjs.org/tree-kill/-/tree-kill-1.2.2.tgz 1ms (cache hit)
1268 http cache supports-color@https://registry.npmjs.org/supports-color/-/supports-color-8.1.1.tgz 0ms (cache hit)
1269 http cache chalk@https://registry.npmjs.org/chalk/-/chalk-4.1.2.tgz 0ms (cache hit)
1270 http cache shell-quote@https://registry.npmjs.org/shell-quote/-/shell-quote-1.8.3.tgz 0ms (cache hit)
1271 http cache node-releases@https://registry.npmjs.org/node-releases/-/node-releases-2.0.44.tgz 0ms (cache hit)
1272 http cache electron-to-chromium@https://registry.npmjs.org/electron-to-chromium/-/electron-to-chromium-1.5.359.tgz 0ms (cache hit)
1273 http cache update-browserslist-db@https://registry.npmjs.org/update-browserslist-db/-/update-browserslist-db-1.2.3.tgz 0ms (cache hit)
1274 http cache rxjs@https://registry.npmjs.org/rxjs/-/rxjs-7.8.2.tgz 0ms (cache hit)
1275 http cache caniuse-lite@https://registry.npmjs.org/caniuse-lite/-/caniuse-lite-1.0.30001793.tgz 0ms (cache hit)
1276 http cache baseline-browser-mapping@https://registry.npmjs.org/baseline-browser-mapping/-/baseline-browser-mapping-2.10.31.tgz 0ms (cache hit)
1277 http cache @jridgewell/resolve-uri@https://registry.npmjs.org/@jridgewell/resolve-uri/-/resolve-uri-3.1.2.tgz 0ms (cache hit)
1278 http cache @types/babel__template@https://registry.npmjs.org/@types/babel__template/-/babel__template-7.4.4.tgz 0ms (cache hit)
1279 http cache @types/babel__generator@https://registry.npmjs.org/@types/babel__generator/-/babel__generator-7.27.0.tgz 0ms (cache hit)
1280 http cache @types/babel__traverse@https://registry.npmjs.org/@types/babel__traverse/-/babel__traverse-7.28.0.tgz 0ms (cache hit)
1281 http cache @babel/helper-globals@https://registry.npmjs.org/@babel/helper-globals/-/helper-globals-7.28.0.tgz 0ms (cache hit)
1282 http cache @babel/helper-string-parser@https://registry.npmjs.org/@babel/helper-string-parser/-/helper-string-parser-7.27.1.tgz 0ms (cache hit)
1283 http cache @jridgewell/sourcemap-codec@https://registry.npmjs.org/@jridgewell/sourcemap-codec/-/sourcemap-codec-1.5.5.tgz 0ms (cache hit)
1284 http cache @babel/helper-module-imports@https://registry.npmjs.org/@babel/helper-module-imports/-/helper-module-imports-7.28.6.tgz 0ms (cache hit)
1285 http cache lru-cache@https://registry.npmjs.org/lru-cache/-/lru-cache-5.1.1.tgz 0ms (cache hit)
1286 http cache @babel/helper-plugin-utils@https://registry.npmjs.org/@babel/helper-plugin-utils/-/helper-plugin-utils-7.28.6.tgz 0ms (cache hit)
1287 http cache jsesc@https://registry.npmjs.org/jsesc/-/jsesc-3.1.0.tgz 0ms (cache hit)
1288 http cache browserslist@https://registry.npmjs.org/browserslist/-/browserslist-4.28.2.tgz 0ms (cache hit)
1289 http cache @jridgewell/trace-mapping@https://registry.npmjs.org/@jridgewell/trace-mapping/-/trace-mapping-0.3.31.tgz 0ms (cache hit)
1290 http cache @jridgewell/gen-mapping@https://registry.npmjs.org/@jridgewell/gen-mapping/-/gen-mapping-0.3.13.tgz 0ms (cache hit)
1291 http cache @babel/helper-validator-identifier@https://registry.npmjs.org/@babel/helper-validator-identifier/-/helper-validator-identifier-7.28.5.tgz 0ms (cache hit)
1292 http cache picocolors@https://registry.npmjs.org/picocolors/-/picocolors-1.1.1.tgz 0ms (cache hit)
1293 http cache @babel/compat-data@https://registry.npmjs.org/@babel/compat-data/-/compat-data-7.29.3.tgz 0ms (cache hit)
1294 http cache semver@https://registry.npmjs.org/semver/-/semver-6.3.1.tgz 0ms (cache hit)
1295 http cache js-tokens@https://registry.npmjs.org/js-tokens/-/js-tokens-4.0.0.tgz 0ms (cache hit)
1296 http cache @babel/helper-validator-option@https://registry.npmjs.org/@babel/helper-validator-option/-/helper-validator-option-7.27.1.tgz 0ms (cache hit)
1297 http cache json5@https://registry.npmjs.org/json5/-/json5-2.2.3.tgz 0ms (cache hit)
1298 http cache debug@https://registry.npmjs.org/debug/-/debug-4.4.3.tgz 0ms (cache hit)
1299 http cache gensync@https://registry.npmjs.org/gensync/-/gensync-1.0.0-beta.2.tgz 0ms (cache hit)
1300 http cache @babel/types@https://registry.npmjs.org/@babel/types/-/types-7.29.0.tgz 0ms (cache hit)
1301 http cache convert-source-map@https://registry.npmjs.org/convert-source-map/-/convert-source-map-2.0.0.tgz 0ms (cache hit)
1302 http cache @jridgewell/remapping@https://registry.npmjs.org/@jridgewell/remapping/-/remapping-2.3.5.tgz 0ms (cache hit)
1303 http cache @babel/traverse@https://registry.npmjs.org/@babel/traverse/-/traverse-7.29.0.tgz 0ms (cache hit)
1304 http cache @babel/template@https://registry.npmjs.org/@babel/template/-/template-7.28.6.tgz 0ms (cache hit)
1305 http cache @babel/parser@https://registry.npmjs.org/@babel/parser/-/parser-7.29.3.tgz 0ms (cache hit)
1306 http cache @babel/helper-module-transforms@https://registry.npmjs.org/@babel/helper-module-transforms/-/helper-module-transforms-7.28.6.tgz 0ms (cache hit)
1307 http cache @babel/helpers@https://registry.npmjs.org/@babel/helpers/-/helpers-7.29.2.tgz 0ms (cache hit)
1308 http cache @babel/helper-compilation-targets@https://registry.npmjs.org/@babel/helper-compilation-targets/-/helper-compilation-targets-7.28.6.tgz 0ms (cache hit)
1309 http cache @babel/code-frame@https://registry.npmjs.org/@babel/code-frame/-/code-frame-7.29.0.tgz 0ms (cache hit)
1310 http cache @types/babel__core@https://registry.npmjs.org/@types/babel__core/-/babel__core-7.20.5.tgz 0ms (cache hit)
1311 http cache @rolldown/pluginutils@https://registry.npmjs.org/@rolldown/pluginutils/-/pluginutils-1.0.0-rc.3.tgz 0ms (cache hit)
1312 http cache react-refresh@https://registry.npmjs.org/react-refresh/-/react-refresh-0.18.0.tgz 0ms (cache hit)
1313 http cache react-dom@https://registry.npmjs.org/react-dom/-/react-dom-19.2.6.tgz 0ms (cache hit)
1314 http cache @babel/generator@https://registry.npmjs.org/@babel/generator/-/generator-7.29.1.tgz 0ms (cache hit)
1315 http cache lucide-react@https://registry.npmjs.org/lucide-react/-/lucide-react-0.561.0.tgz 0ms (cache hit)
1316 http cache @babel/plugin-transform-react-jsx-self@https://registry.npmjs.org/@babel/plugin-transform-react-jsx-self/-/plugin-transform-react-jsx-self-7.27.1.tgz 0ms (cache hit)
1317 http cache @babel/core@https://registry.npmjs.org/@babel/core/-/core-7.29.0.tgz 0ms (cache hit)
1318 http cache @babel/plugin-transform-react-jsx-source@https://registry.npmjs.org/@babel/plugin-transform-react-jsx-source/-/plugin-transform-react-jsx-source-7.27.1.tgz 0ms (cache hit)
1319 http cache express@https://registry.npmjs.org/express/-/express-5.2.1.tgz 0ms (cache hit)
1320 http cache react@https://registry.npmjs.org/react/-/react-19.2.6.tgz 0ms (cache hit)
1321 http cache @vitejs/plugin-react@https://registry.npmjs.org/@vitejs/plugin-react/-/plugin-react-5.2.0.tgz 0ms (cache hit)
1322 http cache vite@https://registry.npmjs.org/vite/-/vite-7.3.3.tgz 0ms (cache hit)
1323 http cache concurrently@https://registry.npmjs.org/concurrently/-/concurrently-9.2.1.tgz 0ms (cache hit)
1324 silly tarball no local data for ansi-regex@https://registry.npmjs.org/ansi-regex/-/ansi-regex-5.0.1.tgz. Extracting by manifest.
1325 silly tarball no local data for emoji-regex@https://registry.npmjs.org/emoji-regex/-/emoji-regex-8.0.0.tgz. Extracting by manifest.
1326 silly tarball no local data for is-fullwidth-code-point@https://registry.npmjs.org/is-fullwidth-code-point/-/is-fullwidth-code-point-3.0.0.tgz. Extracting by manifest.
1327 silly tarball no local data for strip-ansi@https://registry.npmjs.org/strip-ansi/-/strip-ansi-6.0.1.tgz. Extracting by manifest.
1328 silly tarball no local data for wrap-ansi@https://registry.npmjs.org/wrap-ansi/-/wrap-ansi-7.0.0.tgz. Extracting by manifest.
1329 silly tarball no local data for string-width@https://registry.npmjs.org/string-width/-/string-width-4.2.3.tgz. Extracting by manifest.
1330 silly tarball no local data for y18n@https://registry.npmjs.org/y18n/-/y18n-5.0.8.tgz. Extracting by manifest.
1331 silly tarball no local data for yargs-parser@https://registry.npmjs.org/yargs-parser/-/yargs-parser-21.1.1.tgz. Extracting by manifest.
1332 silly tarball no local data for @types/estree@https://registry.npmjs.org/@types/estree/-/estree-1.0.8.tgz. Extracting by manifest.
1333 silly tarball no local data for require-directory@https://registry.npmjs.org/require-directory/-/require-directory-2.1.1.tgz. Extracting by manifest.
1334 silly tarball no local data for get-caller-file@https://registry.npmjs.org/get-caller-file/-/get-caller-file-2.0.5.tgz. Extracting by manifest.
1335 silly tarball no local data for cliui@https://registry.npmjs.org/cliui/-/cliui-8.0.1.tgz. Extracting by manifest.
1336 silly tarball no local data for @rollup/rollup-win32-x64-msvc@https://registry.npmjs.org/@rollup/rollup-win32-x64-msvc/-/rollup-win32-x64-msvc-4.60.4.tgz. Extracting by manifest.
1337 http cache supports-color@https://registry.npmjs.org/supports-color/-/supports-color-7.2.0.tgz 0ms (cache hit)
1338 silly tarball no local data for source-map-js@https://registry.npmjs.org/source-map-js/-/source-map-js-1.2.1.tgz. Extracting by manifest.
1339 silly tarball no local data for nanoid@https://registry.npmjs.org/nanoid/-/nanoid-3.3.12.tgz. Extracting by manifest.
1340 http cache content-type@https://registry.npmjs.org/content-type/-/content-type-2.0.0.tgz 0ms (cache hit)
1341 silly tarball no local data for @rollup/rollup-win32-x64-gnu@https://registry.npmjs.org/@rollup/rollup-win32-x64-gnu/-/rollup-win32-x64-gnu-4.60.4.tgz. Extracting by manifest.
1342 silly tarball no local data for @esbuild/win32-x64@https://registry.npmjs.org/@esbuild/win32-x64/-/win32-x64-0.27.7.tgz. Extracting by manifest.
1343 silly tarball no local data for rollup@https://registry.npmjs.org/rollup/-/rollup-4.60.4.tgz. Extracting by manifest.
1344 silly tarball no local data for tinyglobby@https://registry.npmjs.org/tinyglobby/-/tinyglobby-0.2.16.tgz. Extracting by manifest.
1345 silly tarball no local data for esbuild@https://registry.npmjs.org/esbuild/-/esbuild-0.27.7.tgz. Extracting by manifest.
1346 silly tarball no local data for postcss@https://registry.npmjs.org/postcss/-/postcss-8.5.15.tgz. Extracting by manifest.
1347 silly tarball no local data for fdir@https://registry.npmjs.org/fdir/-/fdir-6.5.0.tgz. Extracting by manifest.
1348 silly tarball no local data for media-typer@https://registry.npmjs.org/media-typer/-/media-typer-1.1.0.tgz. Extracting by manifest.
1349 silly tarball no local data for dunder-proto@https://registry.npmjs.org/dunder-proto/-/dunder-proto-1.0.1.tgz. Extracting by manifest.
1350 silly tarball no local data for escalade@https://registry.npmjs.org/escalade/-/escalade-3.2.0.tgz. Extracting by manifest.
1351 silly tarball no local data for picomatch@https://registry.npmjs.org/picomatch/-/picomatch-4.0.4.tgz. Extracting by manifest.
1352 silly tarball no local data for has-flag@https://registry.npmjs.org/has-flag/-/has-flag-4.0.0.tgz. Extracting by manifest.
1353 silly tarball no local data for math-intrinsics@https://registry.npmjs.org/math-intrinsics/-/math-intrinsics-1.1.0.tgz. Extracting by manifest.
1354 silly tarball no local data for gopd@https://registry.npmjs.org/gopd/-/gopd-1.2.0.tgz. Extracting by manifest.
1355 silly tarball no local data for has-symbols@https://registry.npmjs.org/has-symbols/-/has-symbols-1.1.0.tgz. Extracting by manifest.
1356 silly tarball no local data for hasown@https://registry.npmjs.org/hasown/-/hasown-2.0.3.tgz. Extracting by manifest.
1357 silly tarball no local data for es-object-atoms@https://registry.npmjs.org/es-object-atoms/-/es-object-atoms-1.1.1.tgz. Extracting by manifest.
1358 silly tarball no local data for get-proto@https://registry.npmjs.org/get-proto/-/get-proto-1.0.1.tgz. Extracting by manifest.
1359 silly tarball no local data for function-bind@https://registry.npmjs.org/function-bind/-/function-bind-1.1.2.tgz. Extracting by manifest.
1360 silly tarball no local data for call-bind-apply-helpers@https://registry.npmjs.org/call-bind-apply-helpers/-/call-bind-apply-helpers-1.0.2.tgz. Extracting by manifest.
1361 silly tarball no local data for es-define-property@https://registry.npmjs.org/es-define-property/-/es-define-property-1.0.1.tgz. Extracting by manifest.
1362 silly tarball no local data for get-intrinsic@https://registry.npmjs.org/get-intrinsic/-/get-intrinsic-1.3.0.tgz. Extracting by manifest.
1363 silly tarball no local data for call-bound@https://registry.npmjs.org/call-bound/-/call-bound-1.0.4.tgz. Extracting by manifest.
1364 silly tarball no local data for side-channel-map@https://registry.npmjs.org/side-channel-map/-/side-channel-map-1.0.1.tgz. Extracting by manifest.
1365 silly tarball no local data for object-inspect@https://registry.npmjs.org/object-inspect/-/object-inspect-1.13.4.tgz. Extracting by manifest.
1366 silly tarball no local data for side-channel-list@https://registry.npmjs.org/side-channel-list/-/side-channel-list-1.0.1.tgz. Extracting by manifest.
1367 silly tarball no local data for tslib@https://registry.npmjs.org/tslib/-/tslib-2.8.1.tgz. Extracting by manifest.
1368 silly tarball no local data for es-errors@https://registry.npmjs.org/es-errors/-/es-errors-1.3.0.tgz. Extracting by manifest.
1369 silly tarball no local data for side-channel-weakmap@https://registry.npmjs.org/side-channel-weakmap/-/side-channel-weakmap-1.0.2.tgz. Extracting by manifest.
1370 silly tarball no local data for path-to-regexp@https://registry.npmjs.org/path-to-regexp/-/path-to-regexp-8.4.2.tgz. Extracting by manifest.
1371 silly tarball no local data for scheduler@https://registry.npmjs.org/scheduler/-/scheduler-0.27.0.tgz. Extracting by manifest.
1372 silly tarball no local data for unpipe@https://registry.npmjs.org/unpipe/-/unpipe-1.0.0.tgz. Extracting by manifest.
1373 silly tarball no local data for side-channel@https://registry.npmjs.org/side-channel/-/side-channel-1.1.0.tgz. Extracting by manifest.
1374 silly tarball no local data for ipaddr.js@https://registry.npmjs.org/ipaddr.js/-/ipaddr.js-1.9.1.tgz. Extracting by manifest.
1375 silly tarball no local data for forwarded@https://registry.npmjs.org/forwarded/-/forwarded-0.2.0.tgz. Extracting by manifest.
1376 silly tarball no local data for wrappy@https://registry.npmjs.org/wrappy/-/wrappy-1.0.2.tgz. Extracting by manifest.
1377 silly tarball no local data for is-promise@https://registry.npmjs.org/is-promise/-/is-promise-4.0.0.tgz. Extracting by manifest.
1378 silly tarball no local data for mime-db@https://registry.npmjs.org/mime-db/-/mime-db-1.54.0.tgz. Extracting by manifest.
1379 silly tarball no local data for safer-buffer@https://registry.npmjs.org/safer-buffer/-/safer-buffer-2.1.2.tgz. Extracting by manifest.
1380 silly tarball no local data for toidentifier@https://registry.npmjs.org/toidentifier/-/toidentifier-1.0.1.tgz. Extracting by manifest.
1381 silly tarball no local data for ee-first@https://registry.npmjs.org/ee-first/-/ee-first-1.1.1.tgz. Extracting by manifest.
1382 silly tarball no local data for inherits@https://registry.npmjs.org/inherits/-/inherits-2.0.4.tgz. Extracting by manifest.
1383 silly tarball no local data for yallist@https://registry.npmjs.org/yallist/-/yallist-3.1.1.tgz. Extracting by manifest.
1384 silly tarball no local data for raw-body@https://registry.npmjs.org/raw-body/-/raw-body-3.0.2.tgz. Extracting by manifest.
1385 silly tarball no local data for setprototypeof@https://registry.npmjs.org/setprototypeof/-/setprototypeof-1.2.0.tgz. Extracting by manifest.
1386 silly tarball no local data for bytes@https://registry.npmjs.org/bytes/-/bytes-3.1.2.tgz. Extracting by manifest.
1387 silly tarball no local data for negotiator@https://registry.npmjs.org/negotiator/-/negotiator-1.0.0.tgz. Extracting by manifest.
1388 silly tarball no local data for vary@https://registry.npmjs.org/vary/-/vary-1.1.2.tgz. Extracting by manifest.
1389 silly tarball no local data for type-is@https://registry.npmjs.org/type-is/-/type-is-2.1.0.tgz. Extracting by manifest.
1390 silly tarball no local data for statuses@https://registry.npmjs.org/statuses/-/statuses-2.0.2.tgz. Extracting by manifest.
1391 silly tarball no local data for iconv-lite@https://registry.npmjs.org/iconv-lite/-/iconv-lite-0.7.2.tgz. Extracting by manifest.
1392 silly tarball no local data for send@https://registry.npmjs.org/send/-/send-1.2.1.tgz. Extracting by manifest.
1393 silly tarball no local data for serve-static@https://registry.npmjs.org/serve-static/-/serve-static-2.2.1.tgz. Extracting by manifest.
1394 silly tarball no local data for qs@https://registry.npmjs.org/qs/-/qs-6.15.2.tgz. Extracting by manifest.
1395 silly tarball no local data for router@https://registry.npmjs.org/router/-/router-2.2.0.tgz. Extracting by manifest.
1396 silly tarball no local data for proxy-addr@https://registry.npmjs.org/proxy-addr/-/proxy-addr-2.0.7.tgz. Extracting by manifest.
1397 silly tarball no local data for range-parser@https://registry.npmjs.org/range-parser/-/range-parser-1.2.1.tgz. Extracting by manifest.
1398 silly tarball no local data for parseurl@https://registry.npmjs.org/parseurl/-/parseurl-1.3.3.tgz. Extracting by manifest.
1399 silly tarball no local data for once@https://registry.npmjs.org/once/-/once-1.4.0.tgz. Extracting by manifest.
1400 silly tarball no local data for mime-types@https://registry.npmjs.org/mime-types/-/mime-types-3.0.2.tgz. Extracting by manifest.
1401 silly tarball no local data for merge-descriptors@https://registry.npmjs.org/merge-descriptors/-/merge-descriptors-2.0.0.tgz. Extracting by manifest.
1402 silly tarball no local data for http-errors@https://registry.npmjs.org/http-errors/-/http-errors-2.0.1.tgz. Extracting by manifest.
1403 silly tarball no local data for on-finished@https://registry.npmjs.org/on-finished/-/on-finished-2.4.1.tgz. Extracting by manifest.
1404 silly tarball no local data for finalhandler@https://registry.npmjs.org/finalhandler/-/finalhandler-2.1.1.tgz. Extracting by manifest.
1405 silly tarball no local data for fresh@https://registry.npmjs.org/fresh/-/fresh-2.0.0.tgz. Extracting by manifest.
1406 silly tarball no local data for etag@https://registry.npmjs.org/etag/-/etag-1.8.1.tgz. Extracting by manifest.
1407 silly tarball no local data for encodeurl@https://registry.npmjs.org/encodeurl/-/encodeurl-2.0.0.tgz. Extracting by manifest.
1408 silly tarball no local data for escape-html@https://registry.npmjs.org/escape-html/-/escape-html-1.0.3.tgz. Extracting by manifest.
1409 silly tarball no local data for depd@https://registry.npmjs.org/depd/-/depd-2.0.0.tgz. Extracting by manifest.
1410 silly tarball no local data for cookie-signature@https://registry.npmjs.org/cookie-signature/-/cookie-signature-1.2.2.tgz. Extracting by manifest.
1411 silly tarball no local data for cookie@https://registry.npmjs.org/cookie/-/cookie-0.7.2.tgz. Extracting by manifest.
1412 silly tarball no local data for content-type@https://registry.npmjs.org/content-type/-/content-type-1.0.5.tgz. Extracting by manifest.
1413 silly tarball no local data for body-parser@https://registry.npmjs.org/body-parser/-/body-parser-2.2.2.tgz. Extracting by manifest.
1414 silly tarball no local data for accepts@https://registry.npmjs.org/accepts/-/accepts-2.0.0.tgz. Extracting by manifest.
1415 silly tarball no local data for content-disposition@https://registry.npmjs.org/content-disposition/-/content-disposition-1.1.0.tgz. Extracting by manifest.
1416 silly tarball no local data for ms@https://registry.npmjs.org/ms/-/ms-2.1.3.tgz. Extracting by manifest.
1417 silly tarball no local data for color-convert@https://registry.npmjs.org/color-convert/-/color-convert-2.0.1.tgz. Extracting by manifest.
1418 silly tarball no local data for color-name@https://registry.npmjs.org/color-name/-/color-name-1.1.4.tgz. Extracting by manifest.
1419 silly tarball no local data for yargs@https://registry.npmjs.org/yargs/-/yargs-17.7.2.tgz. Extracting by manifest.
1420 silly tarball no local data for ansi-styles@https://registry.npmjs.org/ansi-styles/-/ansi-styles-4.3.0.tgz. Extracting by manifest.
1421 silly tarball no local data for tree-kill@https://registry.npmjs.org/tree-kill/-/tree-kill-1.2.2.tgz. Extracting by manifest.
1422 silly tarball no local data for supports-color@https://registry.npmjs.org/supports-color/-/supports-color-8.1.1.tgz. Extracting by manifest.
1423 silly tarball no local data for chalk@https://registry.npmjs.org/chalk/-/chalk-4.1.2.tgz. Extracting by manifest.
1424 silly tarball no local data for shell-quote@https://registry.npmjs.org/shell-quote/-/shell-quote-1.8.3.tgz. Extracting by manifest.
1425 silly tarball no local data for node-releases@https://registry.npmjs.org/node-releases/-/node-releases-2.0.44.tgz. Extracting by manifest.
1426 silly tarball no local data for electron-to-chromium@https://registry.npmjs.org/electron-to-chromium/-/electron-to-chromium-1.5.359.tgz. Extracting by manifest.
1427 silly tarball no local data for update-browserslist-db@https://registry.npmjs.org/update-browserslist-db/-/update-browserslist-db-1.2.3.tgz. Extracting by manifest.
1428 silly tarball no local data for rxjs@https://registry.npmjs.org/rxjs/-/rxjs-7.8.2.tgz. Extracting by manifest.
1429 silly tarball no local data for caniuse-lite@https://registry.npmjs.org/caniuse-lite/-/caniuse-lite-1.0.30001793.tgz. Extracting by manifest.
1430 silly tarball no local data for baseline-browser-mapping@https://registry.npmjs.org/baseline-browser-mapping/-/baseline-browser-mapping-2.10.31.tgz. Extracting by manifest.
1431 silly tarball no local data for @jridgewell/resolve-uri@https://registry.npmjs.org/@jridgewell/resolve-uri/-/resolve-uri-3.1.2.tgz. Extracting by manifest.
1432 silly tarball no local data for @types/babel__template@https://registry.npmjs.org/@types/babel__template/-/babel__template-7.4.4.tgz. Extracting by manifest.
1433 silly tarball no local data for @types/babel__generator@https://registry.npmjs.org/@types/babel__generator/-/babel__generator-7.27.0.tgz. Extracting by manifest.
1434 silly tarball no local data for @types/babel__traverse@https://registry.npmjs.org/@types/babel__traverse/-/babel__traverse-7.28.0.tgz. Extracting by manifest.
1435 silly tarball no local data for @babel/helper-globals@https://registry.npmjs.org/@babel/helper-globals/-/helper-globals-7.28.0.tgz. Extracting by manifest.
1436 silly tarball no local data for @babel/helper-string-parser@https://registry.npmjs.org/@babel/helper-string-parser/-/helper-string-parser-7.27.1.tgz. Extracting by manifest.
1437 silly tarball no local data for @jridgewell/sourcemap-codec@https://registry.npmjs.org/@jridgewell/sourcemap-codec/-/sourcemap-codec-1.5.5.tgz. Extracting by manifest.
1438 silly tarball no local data for @babel/helper-module-imports@https://registry.npmjs.org/@babel/helper-module-imports/-/helper-module-imports-7.28.6.tgz. Extracting by manifest.
1439 silly tarball no local data for lru-cache@https://registry.npmjs.org/lru-cache/-/lru-cache-5.1.1.tgz. Extracting by manifest.
1440 silly tarball no local data for @babel/helper-plugin-utils@https://registry.npmjs.org/@babel/helper-plugin-utils/-/helper-plugin-utils-7.28.6.tgz. Extracting by manifest.
1441 silly tarball no local data for jsesc@https://registry.npmjs.org/jsesc/-/jsesc-3.1.0.tgz. Extracting by manifest.
1442 silly tarball no local data for browserslist@https://registry.npmjs.org/browserslist/-/browserslist-4.28.2.tgz. Extracting by manifest.
1443 silly tarball no local data for @jridgewell/trace-mapping@https://registry.npmjs.org/@jridgewell/trace-mapping/-/trace-mapping-0.3.31.tgz. Extracting by manifest.
1444 silly tarball no local data for @jridgewell/gen-mapping@https://registry.npmjs.org/@jridgewell/gen-mapping/-/gen-mapping-0.3.13.tgz. Extracting by manifest.
1445 silly tarball no local data for @babel/helper-validator-identifier@https://registry.npmjs.org/@babel/helper-validator-identifier/-/helper-validator-identifier-7.28.5.tgz. Extracting by manifest.
1446 silly tarball no local data for picocolors@https://registry.npmjs.org/picocolors/-/picocolors-1.1.1.tgz. Extracting by manifest.
1447 silly tarball no local data for @babel/compat-data@https://registry.npmjs.org/@babel/compat-data/-/compat-data-7.29.3.tgz. Extracting by manifest.
1448 silly tarball no local data for semver@https://registry.npmjs.org/semver/-/semver-6.3.1.tgz. Extracting by manifest.
1449 silly tarball no local data for js-tokens@https://registry.npmjs.org/js-tokens/-/js-tokens-4.0.0.tgz. Extracting by manifest.
1450 silly tarball no local data for @babel/helper-validator-option@https://registry.npmjs.org/@babel/helper-validator-option/-/helper-validator-option-7.27.1.tgz. Extracting by manifest.
1451 silly tarball no local data for json5@https://registry.npmjs.org/json5/-/json5-2.2.3.tgz. Extracting by manifest.
1452 silly tarball no local data for debug@https://registry.npmjs.org/debug/-/debug-4.4.3.tgz. Extracting by manifest.
1453 silly tarball no local data for gensync@https://registry.npmjs.org/gensync/-/gensync-1.0.0-beta.2.tgz. Extracting by manifest.
1454 silly tarball no local data for @babel/types@https://registry.npmjs.org/@babel/types/-/types-7.29.0.tgz. Extracting by manifest.
1455 silly tarball no local data for convert-source-map@https://registry.npmjs.org/convert-source-map/-/convert-source-map-2.0.0.tgz. Extracting by manifest.
1456 silly tarball no local data for @jridgewell/remapping@https://registry.npmjs.org/@jridgewell/remapping/-/remapping-2.3.5.tgz. Extracting by manifest.
1457 silly tarball no local data for @babel/traverse@https://registry.npmjs.org/@babel/traverse/-/traverse-7.29.0.tgz. Extracting by manifest.
1458 silly tarball no local data for @babel/template@https://registry.npmjs.org/@babel/template/-/template-7.28.6.tgz. Extracting by manifest.
1459 silly tarball no local data for @babel/parser@https://registry.npmjs.org/@babel/parser/-/parser-7.29.3.tgz. Extracting by manifest.
1460 silly tarball no local data for @babel/helper-module-transforms@https://registry.npmjs.org/@babel/helper-module-transforms/-/helper-module-transforms-7.28.6.tgz. Extracting by manifest.
1461 silly tarball no local data for @babel/helpers@https://registry.npmjs.org/@babel/helpers/-/helpers-7.29.2.tgz. Extracting by manifest.
1462 silly tarball no local data for @babel/helper-compilation-targets@https://registry.npmjs.org/@babel/helper-compilation-targets/-/helper-compilation-targets-7.28.6.tgz. Extracting by manifest.
1463 silly tarball no local data for @babel/code-frame@https://registry.npmjs.org/@babel/code-frame/-/code-frame-7.29.0.tgz. Extracting by manifest.
1464 silly tarball no local data for @types/babel__core@https://registry.npmjs.org/@types/babel__core/-/babel__core-7.20.5.tgz. Extracting by manifest.
1465 silly tarball no local data for @rolldown/pluginutils@https://registry.npmjs.org/@rolldown/pluginutils/-/pluginutils-1.0.0-rc.3.tgz. Extracting by manifest.
1466 silly tarball no local data for react-refresh@https://registry.npmjs.org/react-refresh/-/react-refresh-0.18.0.tgz. Extracting by manifest.
1467 silly tarball no local data for react-dom@https://registry.npmjs.org/react-dom/-/react-dom-19.2.6.tgz. Extracting by manifest.
1468 silly tarball no local data for @babel/generator@https://registry.npmjs.org/@babel/generator/-/generator-7.29.1.tgz. Extracting by manifest.
1469 silly tarball no local data for lucide-react@https://registry.npmjs.org/lucide-react/-/lucide-react-0.561.0.tgz. Extracting by manifest.
1470 silly tarball no local data for @babel/plugin-transform-react-jsx-self@https://registry.npmjs.org/@babel/plugin-transform-react-jsx-self/-/plugin-transform-react-jsx-self-7.27.1.tgz. Extracting by manifest.
1471 silly tarball no local data for @babel/core@https://registry.npmjs.org/@babel/core/-/core-7.29.0.tgz. Extracting by manifest.
1472 silly tarball no local data for @babel/plugin-transform-react-jsx-source@https://registry.npmjs.org/@babel/plugin-transform-react-jsx-source/-/plugin-transform-react-jsx-source-7.27.1.tgz. Extracting by manifest.
1473 silly tarball no local data for express@https://registry.npmjs.org/express/-/express-5.2.1.tgz. Extracting by manifest.
1474 silly tarball no local data for react@https://registry.npmjs.org/react/-/react-19.2.6.tgz. Extracting by manifest.
1475 silly tarball no local data for @vitejs/plugin-react@https://registry.npmjs.org/@vitejs/plugin-react/-/plugin-react-5.2.0.tgz. Extracting by manifest.
1476 silly tarball no local data for vite@https://registry.npmjs.org/vite/-/vite-7.3.3.tgz. Extracting by manifest.
1477 silly tarball no local data for concurrently@https://registry.npmjs.org/concurrently/-/concurrently-9.2.1.tgz. Extracting by manifest.
1478 silly tarball no local data for supports-color@https://registry.npmjs.org/supports-color/-/supports-color-7.2.0.tgz. Extracting by manifest.
1479 silly tarball no local data for content-type@https://registry.npmjs.org/content-type/-/content-type-2.0.0.tgz. Extracting by manifest.
1480 http fetch POST 200 https://registry.npmjs.org/-/npm/v1/security/advisories/bulk 301ms
1481 silly audit report {}
1482 http fetch GET 200 https://registry.npmjs.org/get-caller-file/-/get-caller-file-2.0.5.tgz 340ms (cache miss)
1483 http fetch GET 200 https://registry.npmjs.org/cliui/-/cliui-8.0.1.tgz 340ms (cache miss)
1484 http fetch GET 200 https://registry.npmjs.org/ansi-regex/-/ansi-regex-5.0.1.tgz 349ms (cache miss)
1485 http fetch GET 200 https://registry.npmjs.org/emoji-regex/-/emoji-regex-8.0.0.tgz 369ms (cache miss)
1486 http fetch GET 200 https://registry.npmjs.org/strip-ansi/-/strip-ansi-6.0.1.tgz 399ms (cache miss)
1487 http fetch GET 200 https://registry.npmjs.org/is-fullwidth-code-point/-/is-fullwidth-code-point-3.0.0.tgz 402ms (cache miss)
1488 http fetch GET 200 https://registry.npmjs.org/y18n/-/y18n-5.0.8.tgz 401ms (cache miss)
1489 http fetch GET 200 https://registry.npmjs.org/wrap-ansi/-/wrap-ansi-7.0.0.tgz 405ms (cache miss)
1490 http fetch GET 200 https://registry.npmjs.org/string-width/-/string-width-4.2.3.tgz 419ms (cache miss)
1491 http fetch GET 200 https://registry.npmjs.org/require-directory/-/require-directory-2.1.1.tgz 435ms (cache miss)
1492 http fetch GET 200 https://registry.npmjs.org/@types/estree/-/estree-1.0.8.tgz 437ms (cache miss)
1493 http fetch GET 200 https://registry.npmjs.org/nanoid/-/nanoid-3.3.12.tgz 478ms (cache miss)
1494 http fetch GET 200 https://registry.npmjs.org/tinyglobby/-/tinyglobby-0.2.16.tgz 497ms (cache miss)
1495 http fetch GET 200 https://registry.npmjs.org/fdir/-/fdir-6.5.0.tgz 497ms (cache miss)
1496 http fetch GET 200 https://registry.npmjs.org/math-intrinsics/-/math-intrinsics-1.1.0.tgz 521ms (cache miss)
1497 http fetch GET 200 https://registry.npmjs.org/has-flag/-/has-flag-4.0.0.tgz 523ms (cache miss)
1498 http fetch GET 200 https://registry.npmjs.org/escalade/-/escalade-3.2.0.tgz 525ms (cache miss)
1499 http fetch GET 200 https://registry.npmjs.org/gopd/-/gopd-1.2.0.tgz 538ms (cache miss)
1500 http fetch GET 200 https://registry.npmjs.org/hasown/-/hasown-2.0.3.tgz 558ms (cache miss)
1501 http fetch GET 200 https://registry.npmjs.org/has-symbols/-/has-symbols-1.1.0.tgz 560ms (cache miss)
1502 http fetch GET 200 https://registry.npmjs.org/es-object-atoms/-/es-object-atoms-1.1.1.tgz 582ms (cache miss)
1503 http fetch GET 200 https://registry.npmjs.org/media-typer/-/media-typer-1.1.0.tgz 603ms (cache miss)
1504 http fetch GET 200 https://registry.npmjs.org/get-proto/-/get-proto-1.0.1.tgz 643ms (cache miss)
1505 http fetch GET 200 https://registry.npmjs.org/es-define-property/-/es-define-property-1.0.1.tgz 677ms (cache miss)
1506 http fetch GET 200 https://registry.npmjs.org/call-bind-apply-helpers/-/call-bind-apply-helpers-1.0.2.tgz 679ms (cache miss)
1507 http fetch GET 200 https://registry.npmjs.org/es-errors/-/es-errors-1.3.0.tgz 675ms (cache miss)
1508 http fetch GET 200 https://registry.npmjs.org/unpipe/-/unpipe-1.0.0.tgz 694ms (cache miss)
1509 http fetch GET 200 https://registry.npmjs.org/side-channel-weakmap/-/side-channel-weakmap-1.0.2.tgz 718ms (cache miss)
1510 http fetch GET 200 https://registry.npmjs.org/side-channel-list/-/side-channel-list-1.0.1.tgz 719ms (cache miss)
1511 http fetch GET 200 https://registry.npmjs.org/forwarded/-/forwarded-0.2.0.tgz 715ms (cache miss)
1512 http fetch GET 200 https://registry.npmjs.org/is-promise/-/is-promise-4.0.0.tgz 715ms (cache miss)
1513 http fetch GET 200 https://registry.npmjs.org/toidentifier/-/toidentifier-1.0.1.tgz 714ms (cache miss)
1514 http fetch GET 200 https://registry.npmjs.org/safer-buffer/-/safer-buffer-2.1.2.tgz 715ms (cache miss)
1515 http fetch GET 200 https://registry.npmjs.org/call-bound/-/call-bound-1.0.4.tgz 777ms (cache miss)
1516 http fetch GET 200 https://registry.npmjs.org/side-channel-map/-/side-channel-map-1.0.1.tgz 777ms (cache miss)
1517 http fetch GET 200 https://registry.npmjs.org/wrappy/-/wrappy-1.0.2.tgz 772ms (cache miss)
1518 http fetch GET 200 https://registry.npmjs.org/ee-first/-/ee-first-1.1.1.tgz 770ms (cache miss)
1519 http fetch GET 200 https://registry.npmjs.org/inherits/-/inherits-2.0.4.tgz 771ms (cache miss)
1520 http fetch GET 200 https://registry.npmjs.org/setprototypeof/-/setprototypeof-1.2.0.tgz 770ms (cache miss)
1521 http fetch GET 200 https://registry.npmjs.org/bytes/-/bytes-3.1.2.tgz 772ms (cache miss)
1522 http fetch GET 200 https://registry.npmjs.org/yallist/-/yallist-3.1.1.tgz 809ms (cache miss)
1523 http fetch GET 200 https://registry.npmjs.org/type-is/-/type-is-2.1.0.tgz 807ms (cache miss)
1524 http fetch GET 200 https://registry.npmjs.org/raw-body/-/raw-body-3.0.2.tgz 869ms (cache miss)
1525 http fetch GET 200 https://registry.npmjs.org/vary/-/vary-1.1.2.tgz 867ms (cache miss)
1526 http fetch GET 200 https://registry.npmjs.org/send/-/send-1.2.1.tgz 867ms (cache miss)
1527 http fetch GET 200 https://registry.npmjs.org/statuses/-/statuses-2.0.2.tgz 868ms (cache miss)
1528 http fetch GET 200 https://registry.npmjs.org/merge-descriptors/-/merge-descriptors-2.0.0.tgz 864ms (cache miss)
1529 http fetch GET 200 https://registry.npmjs.org/range-parser/-/range-parser-1.2.1.tgz 900ms (cache miss)
1530 http fetch GET 200 https://registry.npmjs.org/encodeurl/-/encodeurl-2.0.0.tgz 895ms (cache miss)
1531 http fetch GET 200 https://registry.npmjs.org/fresh/-/fresh-2.0.0.tgz 897ms (cache miss)
1532 http fetch GET 200 https://registry.npmjs.org/finalhandler/-/finalhandler-2.1.1.tgz 898ms (cache miss)
1533 http fetch GET 200 https://registry.npmjs.org/proxy-addr/-/proxy-addr-2.0.7.tgz 914ms (cache miss)
1534 http fetch GET 200 https://registry.npmjs.org/http-errors/-/http-errors-2.0.1.tgz 911ms (cache miss)
1535 http fetch GET 200 https://registry.npmjs.org/once/-/once-1.4.0.tgz 915ms (cache miss)
1536 http fetch GET 200 https://registry.npmjs.org/cookie/-/cookie-0.7.2.tgz 909ms (cache miss)
1537 http fetch GET 200 https://registry.npmjs.org/escape-html/-/escape-html-1.0.3.tgz 911ms (cache miss)
1538 http fetch GET 200 https://registry.npmjs.org/body-parser/-/body-parser-2.2.2.tgz 925ms (cache miss)
1539 http fetch GET 200 https://registry.npmjs.org/serve-static/-/serve-static-2.2.1.tgz 937ms (cache miss)
1540 http fetch GET 200 https://registry.npmjs.org/cookie-signature/-/cookie-signature-1.2.2.tgz 929ms (cache miss)
1541 http fetch GET 200 https://registry.npmjs.org/parseurl/-/parseurl-1.3.3.tgz 947ms (cache miss)
1542 http fetch GET 200 https://registry.npmjs.org/content-type/-/content-type-1.0.5.tgz 941ms (cache miss)
1543 http fetch GET 200 https://registry.npmjs.org/supports-color/-/supports-color-8.1.1.tgz 937ms (cache miss)
1544 http fetch GET 200 https://registry.npmjs.org/chalk/-/chalk-4.1.2.tgz 937ms (cache miss)
1545 http fetch GET 200 https://registry.npmjs.org/shell-quote/-/shell-quote-1.8.3.tgz 937ms (cache miss)
1546 http fetch GET 200 https://registry.npmjs.org/accepts/-/accepts-2.0.0.tgz 1081ms (cache miss)
1547 http fetch GET 200 https://registry.npmjs.org/content-disposition/-/content-disposition-1.1.0.tgz 1084ms (cache miss)
1548 http fetch GET 200 https://registry.npmjs.org/color-name/-/color-name-1.1.4.tgz 1093ms (cache miss)
1549 http fetch GET 200 https://registry.npmjs.org/on-finished/-/on-finished-2.4.1.tgz 1115ms (cache miss)
1550 http fetch GET 200 https://registry.npmjs.org/etag/-/etag-1.8.1.tgz 1114ms (cache miss)
1551 http fetch GET 200 https://registry.npmjs.org/@types/babel__template/-/babel__template-7.4.4.tgz 1105ms (cache miss)
1552 http fetch GET 200 https://registry.npmjs.org/ansi-styles/-/ansi-styles-4.3.0.tgz 1112ms (cache miss)
1553 http fetch GET 200 https://registry.npmjs.org/@babel/helper-globals/-/helper-globals-7.28.0.tgz 1122ms (cache miss)
1554 http fetch GET 200 https://registry.npmjs.org/ms/-/ms-2.1.3.tgz 1147ms (cache miss)
1555 http fetch GET 200 https://registry.npmjs.org/tree-kill/-/tree-kill-1.2.2.tgz 1145ms (cache miss)
1556 http fetch GET 200 https://registry.npmjs.org/lru-cache/-/lru-cache-5.1.1.tgz 1137ms (cache miss)
1557 http fetch GET 200 https://registry.npmjs.org/@babel/helper-plugin-utils/-/helper-plugin-utils-7.28.6.tgz 1137ms (cache miss)
1558 http fetch GET 200 https://registry.npmjs.org/path-to-regexp/-/path-to-regexp-8.4.2.tgz 1191ms (cache miss)
1559 http fetch GET 200 https://registry.npmjs.org/ipaddr.js/-/ipaddr.js-1.9.1.tgz 1190ms (cache miss)
1560 http fetch GET 200 https://registry.npmjs.org/@types/babel__generator/-/babel__generator-7.27.0.tgz 1164ms (cache miss)
1561 http fetch GET 200 https://registry.npmjs.org/@babel/helper-validator-identifier/-/helper-validator-identifier-7.28.5.tgz 1160ms (cache miss)
1562 http fetch GET 200 https://registry.npmjs.org/update-browserslist-db/-/update-browserslist-db-1.2.3.tgz 1178ms (cache miss)
1563 http fetch GET 200 https://registry.npmjs.org/picocolors/-/picocolors-1.1.1.tgz 1170ms (cache miss)
1564 http fetch GET 200 https://registry.npmjs.org/esbuild/-/esbuild-0.27.7.tgz 1231ms (cache miss)
1565 http fetch GET 200 https://registry.npmjs.org/mime-types/-/mime-types-3.0.2.tgz 1204ms (cache miss)
1566 http fetch GET 200 https://registry.npmjs.org/@babel/helper-string-parser/-/helper-string-parser-7.27.1.tgz 1188ms (cache miss)
1567 http fetch GET 200 https://registry.npmjs.org/@babel/compat-data/-/compat-data-7.29.3.tgz 1182ms (cache miss)
1568 http fetch GET 200 https://registry.npmjs.org/convert-source-map/-/convert-source-map-2.0.0.tgz 1181ms (cache miss)
1569 http fetch GET 200 https://registry.npmjs.org/js-tokens/-/js-tokens-4.0.0.tgz 1194ms (cache miss)
1570 http fetch GET 200 https://registry.npmjs.org/depd/-/depd-2.0.0.tgz 1222ms (cache miss)
1571 http fetch GET 200 https://registry.npmjs.org/@types/babel__traverse/-/babel__traverse-7.28.0.tgz 1211ms (cache miss)
1572 http fetch GET 200 https://registry.npmjs.org/@babel/helper-compilation-targets/-/helper-compilation-targets-7.28.6.tgz 1195ms (cache miss)
1573 http fetch GET 200 https://registry.npmjs.org/react-refresh/-/react-refresh-0.18.0.tgz 1200ms (cache miss)
1574 http fetch GET 200 https://registry.npmjs.org/@rolldown/pluginutils/-/pluginutils-1.0.0-rc.3.tgz 1202ms (cache miss)
1575 http fetch GET 200 https://registry.npmjs.org/@babel/plugin-transform-react-jsx-self/-/plugin-transform-react-jsx-self-7.27.1.tgz 1200ms (cache miss)
1576 http fetch GET 200 https://registry.npmjs.org/@babel/code-frame/-/code-frame-7.29.0.tgz 1214ms (cache miss)
1577 http fetch GET 200 https://registry.npmjs.org/node-releases/-/node-releases-2.0.44.tgz 1245ms (cache miss)
1578 http fetch GET 200 https://registry.npmjs.org/@babel/helper-validator-option/-/helper-validator-option-7.27.1.tgz 1234ms (cache miss)
1579 http fetch GET 200 https://registry.npmjs.org/@types/babel__core/-/babel__core-7.20.5.tgz 1223ms (cache miss)
1580 http fetch GET 200 https://registry.npmjs.org/@vitejs/plugin-react/-/plugin-react-5.2.0.tgz 1218ms (cache miss)
1581 http fetch GET 200 https://registry.npmjs.org/supports-color/-/supports-color-7.2.0.tgz 1211ms (cache miss)
1582 http fetch GET 200 https://registry.npmjs.org/content-type/-/content-type-2.0.0.tgz 1210ms (cache miss)
1583 http fetch GET 200 https://registry.npmjs.org/get-intrinsic/-/get-intrinsic-1.3.0.tgz 1285ms (cache miss)
1584 http fetch GET 200 https://registry.npmjs.org/color-convert/-/color-convert-2.0.1.tgz 1257ms (cache miss)
1585 http fetch GET 200 https://registry.npmjs.org/mime-db/-/mime-db-1.54.0.tgz 1278ms (cache miss)
1586 http fetch GET 200 https://registry.npmjs.org/router/-/router-2.2.0.tgz 1270ms (cache miss)
1587 http fetch GET 200 https://registry.npmjs.org/@babel/plugin-transform-react-jsx-source/-/plugin-transform-react-jsx-source-7.27.1.tgz 1229ms (cache miss)
1588 http fetch GET 200 https://registry.npmjs.org/jsesc/-/jsesc-3.1.0.tgz 1275ms (cache miss)
1589 http fetch GET 200 https://registry.npmjs.org/semver/-/semver-6.3.1.tgz 1292ms (cache miss)
1590 http fetch GET 200 https://registry.npmjs.org/gensync/-/gensync-1.0.0-beta.2.tgz 1308ms (cache miss)
1591 http fetch GET 200 https://registry.npmjs.org/picomatch/-/picomatch-4.0.4.tgz 1368ms (cache miss)
1592 http fetch GET 200 https://registry.npmjs.org/negotiator/-/negotiator-1.0.0.tgz 1354ms (cache miss)
1593 http fetch GET 200 https://registry.npmjs.org/side-channel/-/side-channel-1.1.0.tgz 1368ms (cache miss)
1594 http fetch GET 200 https://registry.npmjs.org/function-bind/-/function-bind-1.1.2.tgz 1381ms (cache miss)
1595 http fetch GET 200 https://registry.npmjs.org/debug/-/debug-4.4.3.tgz 1354ms (cache miss)
1596 http fetch GET 200 https://registry.npmjs.org/@jridgewell/resolve-uri/-/resolve-uri-3.1.2.tgz 1382ms (cache miss)
1597 http fetch GET 200 https://registry.npmjs.org/yargs-parser/-/yargs-parser-21.1.1.tgz 1449ms (cache miss)
1598 http fetch GET 200 https://registry.npmjs.org/dunder-proto/-/dunder-proto-1.0.1.tgz 1440ms (cache miss)
1599 http fetch GET 200 https://registry.npmjs.org/browserslist/-/browserslist-4.28.2.tgz 1405ms (cache miss)
1600 http fetch GET 200 https://registry.npmjs.org/baseline-browser-mapping/-/baseline-browser-mapping-2.10.31.tgz 1418ms (cache miss)
1601 http fetch GET 200 https://registry.npmjs.org/tslib/-/tslib-2.8.1.tgz 1453ms (cache miss)
1602 http fetch GET 200 https://registry.npmjs.org/electron-to-chromium/-/electron-to-chromium-1.5.359.tgz 1447ms (cache miss)
1603 http fetch GET 200 https://registry.npmjs.org/express/-/express-5.2.1.tgz 1436ms (cache miss)
1604 http fetch GET 200 https://registry.npmjs.org/@babel/helper-module-imports/-/helper-module-imports-7.28.6.tgz 1471ms (cache miss)
1605 http fetch GET 200 https://registry.npmjs.org/scheduler/-/scheduler-0.27.0.tgz 1514ms (cache miss)
1606 http fetch GET 200 https://registry.npmjs.org/source-map-js/-/source-map-js-1.2.1.tgz 1564ms (cache miss)
1607 http fetch GET 200 https://registry.npmjs.org/@babel/helper-module-transforms/-/helper-module-transforms-7.28.6.tgz 1575ms (cache miss)
1608 http fetch GET 200 https://registry.npmjs.org/qs/-/qs-6.15.2.tgz 1619ms (cache miss)
1609 http fetch GET 200 https://registry.npmjs.org/@babel/template/-/template-7.28.6.tgz 1589ms (cache miss)
1610 http fetch GET 200 https://registry.npmjs.org/json5/-/json5-2.2.3.tgz 1619ms (cache miss)
1611 http fetch GET 200 https://registry.npmjs.org/@rollup/rollup-win32-x64-gnu/-/rollup-win32-x64-gnu-4.60.4.tgz 1688ms (cache miss)
1612 http fetch GET 200 https://registry.npmjs.org/@jridgewell/sourcemap-codec/-/sourcemap-codec-1.5.5.tgz 1684ms (cache miss)
1613 http fetch GET 200 https://registry.npmjs.org/react/-/react-19.2.6.tgz 1668ms (cache miss)
1614 http fetch GET 200 https://registry.npmjs.org/@babel/parser/-/parser-7.29.3.tgz 1696ms (cache miss)
1615 http fetch GET 200 https://registry.npmjs.org/@rollup/rollup-win32-x64-msvc/-/rollup-win32-x64-msvc-4.60.4.tgz 1765ms (cache miss)
1616 http fetch GET 200 https://registry.npmjs.org/object-inspect/-/object-inspect-1.13.4.tgz 1752ms (cache miss)
1617 http fetch GET 200 https://registry.npmjs.org/iconv-lite/-/iconv-lite-0.7.2.tgz 1763ms (cache miss)
1618 http fetch GET 200 https://registry.npmjs.org/@jridgewell/remapping/-/remapping-2.3.5.tgz 1731ms (cache miss)
1619 http fetch GET 200 https://registry.npmjs.org/@jridgewell/gen-mapping/-/gen-mapping-0.3.13.tgz 1739ms (cache miss)
1620 http fetch GET 200 https://registry.npmjs.org/@jridgewell/trace-mapping/-/trace-mapping-0.3.31.tgz 1897ms (cache miss)
1621 http fetch GET 200 https://registry.npmjs.org/postcss/-/postcss-8.5.15.tgz 1954ms (cache miss)
1622 http fetch GET 200 https://registry.npmjs.org/rollup/-/rollup-4.60.4.tgz 1991ms (cache miss)
1623 http fetch GET 200 https://registry.npmjs.org/@babel/generator/-/generator-7.29.1.tgz 1936ms (cache miss)
1624 http fetch GET 200 https://registry.npmjs.org/yargs/-/yargs-17.7.2.tgz 2023ms (cache miss)
1625 http fetch GET 200 https://registry.npmjs.org/vite/-/vite-7.3.3.tgz 2001ms (cache miss)
1626 http fetch GET 200 https://registry.npmjs.org/@babel/traverse/-/traverse-7.29.0.tgz 2102ms (cache miss)
1627 http fetch GET 200 https://registry.npmjs.org/@esbuild/win32-x64/-/win32-x64-0.27.7.tgz 2261ms (cache miss)
1628 http fetch GET 200 https://registry.npmjs.org/concurrently/-/concurrently-9.2.1.tgz 2221ms (cache miss)
1629 http fetch GET 200 https://registry.npmjs.org/react-dom/-/react-dom-19.2.6.tgz 2254ms (cache miss)
1630 http fetch GET 200 https://registry.npmjs.org/@babel/core/-/core-7.29.0.tgz 2432ms (cache miss)
1631 http fetch GET 200 https://registry.npmjs.org/@babel/types/-/types-7.29.0.tgz 2697ms (cache miss)
1632 http fetch GET 200 https://registry.npmjs.org/@babel/helpers/-/helpers-7.29.2.tgz 2811ms (cache miss)
1633 http fetch GET 200 https://registry.npmjs.org/caniuse-lite/-/caniuse-lite-1.0.30001793.tgz 4499ms (cache miss)
1634 http fetch GET 200 https://registry.npmjs.org/rxjs/-/rxjs-7.8.2.tgz 9862ms (cache miss)
1635 http fetch GET 200 https://registry.npmjs.org/lucide-react/-/lucide-react-0.561.0.tgz 14373ms (cache miss)
1636 info run esbuild@0.27.7 postinstall node_modules/esbuild node install.js
1637 info run esbuild@0.27.7 postinstall { code: 0, signal: null }
1638 silly ADD node_modules/ansi-regex
1639 silly ADD node_modules/is-fullwidth-code-point
1640 silly ADD node_modules/emoji-regex
1641 silly ADD node_modules/wrap-ansi
1642 silly ADD node_modules/strip-ansi
1643 silly ADD node_modules/yargs-parser
1644 silly ADD node_modules/y18n
1645 silly ADD node_modules/string-width
1646 silly ADD node_modules/require-directory
1647 silly ADD node_modules/get-caller-file
1648 silly ADD node_modules/cliui
1649 silly ADD node_modules/@types/estree
1650 silly ADD node_modules/@rollup/rollup-win32-x64-msvc
1651 silly ADD node_modules/@rollup/rollup-win32-x64-gnu
1652 silly ADD node_modules/source-map-js
1653 silly ADD node_modules/nanoid
1654 silly ADD node_modules/@esbuild/win32-x64
1655 silly ADD node_modules/tinyglobby
1656 silly ADD node_modules/rollup
1657 silly ADD node_modules/postcss
1658 silly ADD node_modules/picomatch
1659 silly ADD node_modules/fdir
1660 silly ADD node_modules/esbuild
1661 silly ADD node_modules/escalade
1662 silly ADD node_modules/media-typer
1663 silly ADD node_modules/has-flag
1664 silly ADD node_modules/dunder-proto
1665 silly ADD node_modules/math-intrinsics
1666 silly ADD node_modules/hasown
1667 silly ADD node_modules/has-symbols
1668 silly ADD node_modules/gopd
1669 silly ADD node_modules/get-proto
1670 silly ADD node_modules/es-object-atoms
1671 silly ADD node_modules/es-define-property
1672 silly ADD node_modules/function-bind
1673 silly ADD node_modules/call-bind-apply-helpers
1674 silly ADD node_modules/get-intrinsic
1675 silly ADD node_modules/call-bound
1676 silly ADD node_modules/side-channel-weakmap
1677 silly ADD node_modules/side-channel-map
1678 silly ADD node_modules/side-channel-list
1679 silly ADD node_modules/object-inspect
1680 silly ADD node_modules/es-errors
1681 silly ADD node_modules/tslib
1682 silly ADD node_modules/path-to-regexp
1683 silly ADD node_modules/is-promise
1684 silly ADD node_modules/scheduler
1685 silly ADD node_modules/unpipe
1686 silly ADD node_modules/side-channel
1687 silly ADD node_modules/ipaddr.js
1688 silly ADD node_modules/forwarded
1689 silly ADD node_modules/wrappy
1690 silly ADD node_modules/ee-first
1691 silly ADD node_modules/mime-db
1692 silly ADD node_modules/yallist
1693 silly ADD node_modules/safer-buffer
1694 silly ADD node_modules/toidentifier
1695 silly ADD node_modules/setprototypeof
1696 silly ADD node_modules/inherits
1697 silly ADD node_modules/raw-body
1698 silly ADD node_modules/iconv-lite
1699 silly ADD node_modules/bytes
1700 silly ADD node_modules/negotiator
1701 silly ADD node_modules/vary
1702 silly ADD node_modules/type-is
1703 silly ADD node_modules/type-is/node_modules/content-type
1704 silly ADD node_modules/statuses
1705 silly ADD node_modules/serve-static
1706 silly ADD node_modules/send
1707 silly ADD node_modules/router
1708 silly ADD node_modules/range-parser
1709 silly ADD node_modules/qs
1710 silly ADD node_modules/proxy-addr
1711 silly ADD node_modules/parseurl
1712 silly ADD node_modules/once
1713 silly ADD node_modules/on-finished
1714 silly ADD node_modules/mime-types
1715 silly ADD node_modules/merge-descriptors
1716 silly ADD node_modules/http-errors
1717 silly ADD node_modules/fresh
1718 silly ADD node_modules/finalhandler
1719 silly ADD node_modules/etag
1720 silly ADD node_modules/escape-html
1721 silly ADD node_modules/encodeurl
1722 silly ADD node_modules/depd
1723 silly ADD node_modules/cookie-signature
1724 silly ADD node_modules/cookie
1725 silly ADD node_modules/content-type
1726 silly ADD node_modules/content-disposition
1727 silly ADD node_modules/body-parser
1728 silly ADD node_modules/accepts
1729 silly ADD node_modules/ms
1730 silly ADD node_modules/color-name
1731 silly ADD node_modules/color-convert
1732 silly ADD node_modules/ansi-styles
1733 silly ADD node_modules/yargs
1734 silly ADD node_modules/tree-kill
1735 silly ADD node_modules/supports-color
1736 silly ADD node_modules/shell-quote
1737 silly ADD node_modules/rxjs
1738 silly ADD node_modules/chalk
1739 silly ADD node_modules/chalk/node_modules/supports-color
1740 silly ADD node_modules/update-browserslist-db
1741 silly ADD node_modules/node-releases
1742 silly ADD node_modules/electron-to-chromium
1743 silly ADD node_modules/caniuse-lite
1744 silly ADD node_modules/baseline-browser-mapping
1745 silly ADD node_modules/@types/babel__traverse
1746 silly ADD node_modules/@types/babel__template
1747 silly ADD node_modules/@types/babel__generator
1748 silly ADD node_modules/@jridgewell/resolve-uri
1749 silly ADD node_modules/@jridgewell/sourcemap-codec
1750 silly ADD node_modules/@babel/helper-string-parser
1751 silly ADD node_modules/@babel/helper-globals
1752 silly ADD node_modules/@babel/helper-plugin-utils
1753 silly ADD node_modules/@babel/helper-module-imports
1754 silly ADD node_modules/lru-cache
1755 silly ADD node_modules/browserslist
1756 silly ADD node_modules/@babel/helper-validator-option
1757 silly ADD node_modules/@babel/compat-data
1758 silly ADD node_modules/jsesc
1759 silly ADD node_modules/@jridgewell/trace-mapping
1760 silly ADD node_modules/@jridgewell/gen-mapping
1761 silly ADD node_modules/picocolors
1762 silly ADD node_modules/js-tokens
1763 silly ADD node_modules/@babel/helper-validator-identifier
1764 silly ADD node_modules/semver
1765 silly ADD node_modules/json5
1766 silly ADD node_modules/gensync
1767 silly ADD node_modules/debug
1768 silly ADD node_modules/convert-source-map
1769 silly ADD node_modules/@jridgewell/remapping
1770 silly ADD node_modules/@babel/types
1771 silly ADD node_modules/@babel/traverse
1772 silly ADD node_modules/@babel/template
1773 silly ADD node_modules/@babel/parser
1774 silly ADD node_modules/@babel/helpers
1775 silly ADD node_modules/@babel/helper-module-transforms
1776 silly ADD node_modules/@babel/helper-compilation-targets
1777 silly ADD node_modules/@babel/generator
1778 silly ADD node_modules/@babel/code-frame
1779 silly ADD node_modules/react-refresh
1780 silly ADD node_modules/@types/babel__core
1781 silly ADD node_modules/@rolldown/pluginutils
1782 silly ADD node_modules/@babel/plugin-transform-react-jsx-source
1783 silly ADD node_modules/@babel/plugin-transform-react-jsx-self
1784 silly ADD node_modules/@babel/core
1785 silly ADD node_modules/react-dom
1786 silly ADD node_modules/react
1787 silly ADD node_modules/lucide-react
1788 silly ADD node_modules/express
1789 silly ADD node_modules/concurrently
1790 silly ADD node_modules/vite
1791 silly ADD node_modules/@vitejs/plugin-react
1792 verbose cwd C:\Users\jesse\OneDrive\Desktop\Garage Inventory
1793 verbose os Windows_NT 10.0.26200
1794 verbose node v24.15.0
1795 verbose npm  v11.12.1
1796 notice
1796 notice New minor version of npm available! 11.12.1 -> 11.14.1
1796 notice Changelog: https://github.com/npm/cli/releases/tag/v11.14.1
1796 notice To update run: npm install -g npm@11.14.1
1796 notice  { force: true, Symbol(proc-log.meta): true }
1797 verbose exit 0
1798 info ok
